timestamp,usuario,fecha_publicacion,contenido,respuestas,retweets,likes,guardados,vistas
2025-07-09 07:10:56,BCPComunica,Feb 7,"Â¿AÃºn no conoces todos los canales oficiales del BCP? ğŸ«£ Â¡AnÃ³talos para tener una experiencia segura siempre! ğŸ¤ Comparte esta importante info con tus amigos y familiares. ğŸ¤³ğŸ’™ğŸ§¡

#CanalesOficialesBCP #BCP",97,0,5,0,21.0K
2025-07-09 07:10:56,BCPComunica,Oct 31,A nuestros clientes ğŸ“£,298,303,3.0K,89,234.0K
2025-07-09 07:10:56,BCPComunica,Jul 30,Comunicado: ğŸ™Œ,315,90,507,18,122.0K
2025-07-09 07:10:56,BCPComunica,Jul 30,"Ante lo comunicado previamente, estamos tomando la siguiente medida: ğŸ‘‡",132,72,355,12,91.0K
2025-07-09 07:10:56,BCPComunica,Jul 30,A nuestra comunidad ğŸ“¢,609,318,2.0K,98,305.0K
2025-07-09 07:10:56,BCPComunica,"May 17, 2024",Con mucho orgullo compartimos los 4 premios obtenidos esta noche en losÂ #ANDA2024.ğŸ¤©ğŸ‰ Â¡Felicitaciones a todos los equipos involucrados en este logro! ğŸ‘,118,1,23,2,52.0K
2025-07-09 07:10:56,BCPComunica,"Sep 28, 2023",Continuamos transformando nuestras agencias a nivel nacional para mejorar junto a nuestros clientes. VisÃ­tanos para disfrutar de las novedades y una gran experiencia. ğŸ‘€ğŸ™Œ,167,1,29,0,71.0K
2025-07-09 07:10:56,BCPComunica,"Sep 19, 2023",Aviso importante a nuestra comunidad. ğŸ‘‡ Nuestro plan es siempre mejorar para ayudarte a cumplir los tuyos. ğŸ¤,110,23,133,2,70.0K
2025-07-09 07:10:56,BCPComunica,"Aug 25, 2023",Queremos agradecer a nuestros colaboradores porque gracias a su esfuerzo es que hoy hemos sido reconocidos una vez mÃ¡s y de forma consecutiva por los premios EMA. ğŸ‘ğŸ† Esta es la 12ava oportunidad y queremos reforzar nuestro compromiso mejorando cada dÃ­a nuestros servicios. ğŸ’¯ğŸš€,43,2,45,0,32.0K
2025-07-09 07:10:56,BCPComunica,"Jul 7, 2023","Nos enorgullece haber sido reconocidos en el sector financiero por nuestra excelencia en atenciÃ³n y satisfacciÃ³n. Este prestigioso premio respaldado por Centrum PUCP, Datum, X Customer Group y GestiÃ³n, refuerza nuestro compromiso de seguir brindÃ¡ndote la mejor experiencia. ğŸ™Œ",54,1,26,0,29.0K
2025-07-09 07:10:56,BCPComunica,"Feb 17, 2023",Comunicado,429,183,2.0K,25,225.0K
2025-07-09 07:10:56,BCPComunica,"Oct 31, 2022","MaÃ±ana, martes 1ero de noviembre, por ser feriado ğŸ—“ï¸, todas nuestras agencias a nivel nacional ğŸ¬ no atenderÃ¡n ğŸ“£. No olvides que puedes realizar tus consultas y operaciones, usando nuestros canales digitales ğŸ“ğŸ’»ğŸ“±.",140,18,102,3,0
2025-07-09 07:10:56,BCPComunica,"Oct 7, 2022","MaÃ±ana, sÃ¡bado 8 de octubre, por ser declarado feriado ğŸ—“ï¸, todas nuestras agencias a nivel nacional ğŸ¬ no atenderÃ¡n ğŸ“£. No olvides que puedes realizar tus consultas y operaciones, usando nuestros canales digitales ğŸ“ğŸ’»ğŸ“±.",82,21,92,2,0
2025-07-09 07:18:51,BCPComunica,Feb 7,"Â¿AÃºn no conoces todos los canales oficiales del BCP? ğŸ«£ Â¡AnÃ³talos para tener una experiencia segura siempre! ğŸ¤ Comparte esta importante info con tus amigos y familiares. ğŸ¤³ğŸ’™ğŸ§¡

#CanalesOficialesBCP #BCP",97,0,5,0,21.0K
2025-07-09 07:18:51,BCPComunica,Oct 31,A nuestros clientes ğŸ“£,298,303,3.0K,89,234.0K
2025-07-09 07:18:51,BCPComunica,Jul 30,Comunicado: ğŸ™Œ,315,90,507,18,122.0K
2025-07-09 07:18:51,BCPComunica,Jul 30,"Ante lo comunicado previamente, estamos tomando la siguiente medida: ğŸ‘‡",132,72,355,12,91.0K
2025-07-09 07:18:51,BCPComunica,Jul 30,A nuestra comunidad ğŸ“¢,609,318,2.0K,98,305.0K
2025-07-09 07:18:51,BCPComunica,"May 17, 2024",Con mucho orgullo compartimos los 4 premios obtenidos esta noche en losÂ #ANDA2024.ğŸ¤©ğŸ‰ Â¡Felicitaciones a todos los equipos involucrados en este logro! ğŸ‘,118,1,23,2,52.0K
2025-07-09 07:18:51,BCPComunica,"Sep 28, 2023",Continuamos transformando nuestras agencias a nivel nacional para mejorar junto a nuestros clientes. VisÃ­tanos para disfrutar de las novedades y una gran experiencia. ğŸ‘€ğŸ™Œ,167,1,29,0,71.0K
2025-07-09 07:18:51,BCPComunica,"Sep 19, 2023",Aviso importante a nuestra comunidad. ğŸ‘‡ Nuestro plan es siempre mejorar para ayudarte a cumplir los tuyos. ğŸ¤,110,23,133,2,70.0K
2025-07-09 07:18:51,BCPComunica,"Aug 25, 2023",Queremos agradecer a nuestros colaboradores porque gracias a su esfuerzo es que hoy hemos sido reconocidos una vez mÃ¡s y de forma consecutiva por los premios EMA. ğŸ‘ğŸ† Esta es la 12ava oportunidad y queremos reforzar nuestro compromiso mejorando cada dÃ­a nuestros servicios. ğŸ’¯ğŸš€,43,2,45,0,32.0K
2025-07-09 07:18:51,BCPComunica,"Jul 7, 2023","Nos enorgullece haber sido reconocidos en el sector financiero por nuestra excelencia en atenciÃ³n y satisfacciÃ³n. Este prestigioso premio respaldado por Centrum PUCP, Datum, X Customer Group y GestiÃ³n, refuerza nuestro compromiso de seguir brindÃ¡ndote la mejor experiencia. ğŸ™Œ",54,1,26,0,29.0K
2025-07-09 07:18:51,BCPComunica,"Feb 17, 2023",Comunicado,429,183,2.0K,25,225.0K
2025-07-09 07:18:51,BCPComunica,"Oct 31, 2022","MaÃ±ana, martes 1ero de noviembre, por ser feriado ğŸ—“ï¸, todas nuestras agencias a nivel nacional ğŸ¬ no atenderÃ¡n ğŸ“£. No olvides que puedes realizar tus consultas y operaciones, usando nuestros canales digitales ğŸ“ğŸ’»ğŸ“±.",140,18,102,3,0
2025-07-09 07:18:51,BCPComunica,"Oct 7, 2022","MaÃ±ana, sÃ¡bado 8 de octubre, por ser declarado feriado ğŸ—“ï¸, todas nuestras agencias a nivel nacional ğŸ¬ no atenderÃ¡n ğŸ“£. No olvides que puedes realizar tus consultas y operaciones, usando nuestros canales digitales ğŸ“ğŸ’»ğŸ“±.",82,21,92,2,0
2025-07-09 08:28:10,BCPComunica,Feb 7,"Â¿AÃºn no conoces todos los canales oficiales del BCP? ğŸ«£ Â¡AnÃ³talos para tener una experiencia segura siempre! ğŸ¤ Comparte esta importante info con tus amigos y familiares. ğŸ¤³ğŸ’™ğŸ§¡

#CanalesOficialesBCP #BCP",97,0,5,0,21.0K
2025-07-09 08:28:10,BCPComunica,Oct 31,A nuestros clientes ğŸ“£,298,303,3.0K,89,234.0K
2025-07-09 08:28:10,BCPComunica,Jul 30,Comunicado: ğŸ™Œ,315,90,507,18,122.0K
2025-07-09 08:28:10,BCPComunica,Jul 30,"Ante lo comunicado previamente, estamos tomando la siguiente medida: ğŸ‘‡",132,72,355,12,91.0K
2025-07-09 08:28:10,BCPComunica,Jul 30,A nuestra comunidad ğŸ“¢,609,318,2.0K,98,305.0K
2025-07-09 08:28:10,BCPComunica,"May 17, 2024",Con mucho orgullo compartimos los 4 premios obtenidos esta noche en losÂ #ANDA2024.ğŸ¤©ğŸ‰ Â¡Felicitaciones a todos los equipos involucrados en este logro! ğŸ‘,118,1,23,2,52.0K
2025-07-09 08:28:10,BCPComunica,"Sep 28, 2023",Continuamos transformando nuestras agencias a nivel nacional para mejorar junto a nuestros clientes. VisÃ­tanos para disfrutar de las novedades y una gran experiencia. ğŸ‘€ğŸ™Œ,167,1,29,0,71.0K
2025-07-09 08:28:10,BCPComunica,"Sep 19, 2023",Aviso importante a nuestra comunidad. ğŸ‘‡ Nuestro plan es siempre mejorar para ayudarte a cumplir los tuyos. ğŸ¤,110,23,133,2,70.0K
2025-07-09 08:28:10,BCPComunica,"Aug 25, 2023",Queremos agradecer a nuestros colaboradores porque gracias a su esfuerzo es que hoy hemos sido reconocidos una vez mÃ¡s y de forma consecutiva por los premios EMA. ğŸ‘ğŸ† Esta es la 12ava oportunidad y queremos reforzar nuestro compromiso mejorando cada dÃ­a nuestros servicios. ğŸ’¯ğŸš€,43,2,45,0,32.0K
2025-07-09 08:28:10,BCPComunica,"Jul 7, 2023","Nos enorgullece haber sido reconocidos en el sector financiero por nuestra excelencia en atenciÃ³n y satisfacciÃ³n. Este prestigioso premio respaldado por Centrum PUCP, Datum, X Customer Group y GestiÃ³n, refuerza nuestro compromiso de seguir brindÃ¡ndote la mejor experiencia. ğŸ™Œ",54,1,26,0,29.0K
2025-07-09 08:28:10,BCPComunica,"Feb 17, 2023",Comunicado,429,183,2.0K,25,225.0K
2025-07-09 08:28:10,BCPComunica,"Oct 31, 2022","MaÃ±ana, martes 1ero de noviembre, por ser feriado ğŸ—“ï¸, todas nuestras agencias a nivel nacional ğŸ¬ no atenderÃ¡n ğŸ“£. No olvides que puedes realizar tus consultas y operaciones, usando nuestros canales digitales ğŸ“ğŸ’»ğŸ“±.",140,18,102,3,0
2025-07-09 08:28:10,BCPComunica,"Oct 7, 2022","MaÃ±ana, sÃ¡bado 8 de octubre, por ser declarado feriado ğŸ—“ï¸, todas nuestras agencias a nivel nacional ğŸ¬ no atenderÃ¡n ğŸ“£. No olvides que puedes realizar tus consultas y operaciones, usando nuestros canales digitales ğŸ“ğŸ’»ğŸ“±.",82,21,92,2,0
2025-07-09 09:23:47,BCPComunica,Feb 7,"Â¿AÃºn no conoces todos los canales oficiales del BCP? ğŸ«£ Â¡AnÃ³talos para tener una experiencia segura siempre! ğŸ¤ Comparte esta importante info con tus amigos y familiares. ğŸ¤³ğŸ’™ğŸ§¡

#CanalesOficialesBCP #BCP",97,0,5,0,21.0K
2025-07-09 09:23:47,BCPComunica,Oct 31,A nuestros clientes ğŸ“£,298,303,3.0K,89,234.0K
2025-07-09 09:23:47,BCPComunica,Jul 30,Comunicado: ğŸ™Œ,315,90,507,18,122.0K
2025-07-09 09:23:47,BCPComunica,Jul 30,"Ante lo comunicado previamente, estamos tomando la siguiente medida: ğŸ‘‡",132,72,355,12,91.0K
2025-07-09 09:23:47,BCPComunica,Jul 30,A nuestra comunidad ğŸ“¢,609,318,2.0K,98,305.0K
2025-07-09 09:23:47,BCPComunica,"May 17, 2024",Con mucho orgullo compartimos los 4 premios obtenidos esta noche en losÂ #ANDA2024.ğŸ¤©ğŸ‰ Â¡Felicitaciones a todos los equipos involucrados en este logro! ğŸ‘,118,1,23,2,52.0K
2025-07-09 09:23:47,BCPComunica,"Sep 28, 2023",Continuamos transformando nuestras agencias a nivel nacional para mejorar junto a nuestros clientes. VisÃ­tanos para disfrutar de las novedades y una gran experiencia. ğŸ‘€ğŸ™Œ,167,1,29,0,71.0K
2025-07-09 09:23:47,BCPComunica,"Sep 19, 2023",Aviso importante a nuestra comunidad. ğŸ‘‡ Nuestro plan es siempre mejorar para ayudarte a cumplir los tuyos. ğŸ¤,110,23,133,2,70.0K
2025-07-09 09:23:47,BCPComunica,"Aug 25, 2023",Queremos agradecer a nuestros colaboradores porque gracias a su esfuerzo es que hoy hemos sido reconocidos una vez mÃ¡s y de forma consecutiva por los premios EMA. ğŸ‘ğŸ† Esta es la 12ava oportunidad y queremos reforzar nuestro compromiso mejorando cada dÃ­a nuestros servicios. ğŸ’¯ğŸš€,43,2,45,0,32.0K
2025-07-09 09:23:47,BCPComunica,"Jul 7, 2023","Nos enorgullece haber sido reconocidos en el sector financiero por nuestra excelencia en atenciÃ³n y satisfacciÃ³n. Este prestigioso premio respaldado por Centrum PUCP, Datum, X Customer Group y GestiÃ³n, refuerza nuestro compromiso de seguir brindÃ¡ndote la mejor experiencia. ğŸ™Œ",54,1,26,0,29.0K
2025-07-09 09:23:47,BCPComunica,"Feb 17, 2023",Comunicado,429,183,2.0K,25,225.0K
2025-07-09 09:23:47,BCPComunica,"Oct 31, 2022","MaÃ±ana, martes 1ero de noviembre, por ser feriado ğŸ—“ï¸, todas nuestras agencias a nivel nacional ğŸ¬ no atenderÃ¡n ğŸ“£. No olvides que puedes realizar tus consultas y operaciones, usando nuestros canales digitales ğŸ“ğŸ’»ğŸ“±.",140,18,102,3,0
2025-07-09 09:23:47,BCPComunica,"Oct 7, 2022","MaÃ±ana, sÃ¡bado 8 de octubre, por ser declarado feriado ğŸ—“ï¸, todas nuestras agencias a nivel nacional ğŸ¬ no atenderÃ¡n ğŸ“£. No olvides que puedes realizar tus consultas y operaciones, usando nuestros canales digitales ğŸ“ğŸ’»ğŸ“±.",82,21,92,2,0
2025-07-09 10:22:43,BCPComunica,Feb 7,"Â¿AÃºn no conoces todos los canales oficiales del BCP? ğŸ«£ Â¡AnÃ³talos para tener una experiencia segura siempre! ğŸ¤ Comparte esta importante info con tus amigos y familiares. ğŸ¤³ğŸ’™ğŸ§¡

#CanalesOficialesBCP #BCP",97,0,5,0,21.0K
2025-07-09 10:22:43,BCPComunica,Oct 31,A nuestros clientes ğŸ“£,298,303,3.0K,89,234.0K
2025-07-09 10:22:43,BCPComunica,Jul 30,Comunicado: ğŸ™Œ,315,90,507,18,122.0K
2025-07-09 10:22:43,BCPComunica,Jul 30,"Ante lo comunicado previamente, estamos tomando la siguiente medida: ğŸ‘‡",132,72,355,12,91.0K
2025-07-09 10:22:43,BCPComunica,Jul 30,A nuestra comunidad ğŸ“¢,609,318,2.0K,98,305.0K
2025-07-09 10:22:43,BCPComunica,"May 17, 2024",Con mucho orgullo compartimos los 4 premios obtenidos esta noche en losÂ #ANDA2024.ğŸ¤©ğŸ‰ Â¡Felicitaciones a todos los equipos involucrados en este logro! ğŸ‘,118,1,23,2,52.0K
2025-07-09 10:22:43,BCPComunica,"Sep 28, 2023",Continuamos transformando nuestras agencias a nivel nacional para mejorar junto a nuestros clientes. VisÃ­tanos para disfrutar de las novedades y una gran experiencia. ğŸ‘€ğŸ™Œ,167,1,29,0,71.0K
2025-07-09 10:22:43,BCPComunica,"Sep 19, 2023",Aviso importante a nuestra comunidad. ğŸ‘‡ Nuestro plan es siempre mejorar para ayudarte a cumplir los tuyos. ğŸ¤,110,23,133,2,70.0K
2025-07-09 10:22:43,BCPComunica,"Aug 25, 2023",Queremos agradecer a nuestros colaboradores porque gracias a su esfuerzo es que hoy hemos sido reconocidos una vez mÃ¡s y de forma consecutiva por los premios EMA. ğŸ‘ğŸ† Esta es la 12ava oportunidad y queremos reforzar nuestro compromiso mejorando cada dÃ­a nuestros servicios. ğŸ’¯ğŸš€,43,2,45,0,32.0K
2025-07-09 10:22:43,BCPComunica,"Jul 7, 2023","Nos enorgullece haber sido reconocidos en el sector financiero por nuestra excelencia en atenciÃ³n y satisfacciÃ³n. Este prestigioso premio respaldado por Centrum PUCP, Datum, X Customer Group y GestiÃ³n, refuerza nuestro compromiso de seguir brindÃ¡ndote la mejor experiencia. ğŸ™Œ",54,1,26,0,29.0K
2025-07-09 10:22:43,BCPComunica,"Feb 17, 2023",Comunicado,429,183,2.0K,25,225.0K
2025-07-09 10:22:43,BCPComunica,"Oct 31, 2022","MaÃ±ana, martes 1ero de noviembre, por ser feriado ğŸ—“ï¸, todas nuestras agencias a nivel nacional ğŸ¬ no atenderÃ¡n ğŸ“£. No olvides que puedes realizar tus consultas y operaciones, usando nuestros canales digitales ğŸ“ğŸ’»ğŸ“±.",140,18,102,3,0
2025-07-09 10:22:43,BCPComunica,"Oct 7, 2022","MaÃ±ana, sÃ¡bado 8 de octubre, por ser declarado feriado ğŸ—“ï¸, todas nuestras agencias a nivel nacional ğŸ¬ no atenderÃ¡n ğŸ“£. No olvides que puedes realizar tus consultas y operaciones, usando nuestros canales digitales ğŸ“ğŸ’»ğŸ“±.",82,21,92,2,0
2025-07-09 11:18:06,BCPComunica,Feb 7,"Â¿AÃºn no conoces todos los canales oficiales del BCP? ğŸ«£ Â¡AnÃ³talos para tener una experiencia segura siempre! ğŸ¤ Comparte esta importante info con tus amigos y familiares. ğŸ¤³ğŸ’™ğŸ§¡

#CanalesOficialesBCP #BCP",97,0,5,0,21.0K
2025-07-09 11:18:06,BCPComunica,Oct 31,A nuestros clientes ğŸ“£,298,303,3.0K,89,234.0K
2025-07-09 11:18:06,BCPComunica,Jul 30,Comunicado: ğŸ™Œ,315,90,507,18,122.0K
2025-07-09 11:18:06,BCPComunica,Jul 30,"Ante lo comunicado previamente, estamos tomando la siguiente medida: ğŸ‘‡",132,72,355,12,91.0K
2025-07-09 11:18:06,BCPComunica,Jul 30,A nuestra comunidad ğŸ“¢,609,318,2.0K,98,305.0K
2025-07-09 11:18:06,BCPComunica,"May 17, 2024",Con mucho orgullo compartimos los 4 premios obtenidos esta noche en losÂ #ANDA2024.ğŸ¤©ğŸ‰ Â¡Felicitaciones a todos los equipos involucrados en este logro! ğŸ‘,118,1,23,2,52.0K
2025-07-09 11:18:06,BCPComunica,"Sep 28, 2023",Continuamos transformando nuestras agencias a nivel nacional para mejorar junto a nuestros clientes. VisÃ­tanos para disfrutar de las novedades y una gran experiencia. ğŸ‘€ğŸ™Œ,167,1,29,0,71.0K
2025-07-09 11:18:06,BCPComunica,"Sep 19, 2023",Aviso importante a nuestra comunidad. ğŸ‘‡ Nuestro plan es siempre mejorar para ayudarte a cumplir los tuyos. ğŸ¤,110,23,133,2,70.0K
2025-07-09 11:18:06,BCPComunica,"Aug 25, 2023",Queremos agradecer a nuestros colaboradores porque gracias a su esfuerzo es que hoy hemos sido reconocidos una vez mÃ¡s y de forma consecutiva por los premios EMA. ğŸ‘ğŸ† Esta es la 12ava oportunidad y queremos reforzar nuestro compromiso mejorando cada dÃ­a nuestros servicios. ğŸ’¯ğŸš€,43,2,45,0,32.0K
2025-07-09 11:18:06,BCPComunica,"Jul 7, 2023","Nos enorgullece haber sido reconocidos en el sector financiero por nuestra excelencia en atenciÃ³n y satisfacciÃ³n. Este prestigioso premio respaldado por Centrum PUCP, Datum, X Customer Group y GestiÃ³n, refuerza nuestro compromiso de seguir brindÃ¡ndote la mejor experiencia. ğŸ™Œ",54,1,26,0,29.0K
2025-07-09 11:18:06,BCPComunica,"Feb 17, 2023",Comunicado,429,183,2.0K,25,225.0K
2025-07-09 11:18:06,BCPComunica,"Oct 31, 2022","MaÃ±ana, martes 1ero de noviembre, por ser feriado ğŸ—“ï¸, todas nuestras agencias a nivel nacional ğŸ¬ no atenderÃ¡n ğŸ“£. No olvides que puedes realizar tus consultas y operaciones, usando nuestros canales digitales ğŸ“ğŸ’»ğŸ“±.",140,18,102,3,0
2025-07-09 11:18:06,BCPComunica,"Oct 7, 2022","MaÃ±ana, sÃ¡bado 8 de octubre, por ser declarado feriado ğŸ—“ï¸, todas nuestras agencias a nivel nacional ğŸ¬ no atenderÃ¡n ğŸ“£. No olvides que puedes realizar tus consultas y operaciones, usando nuestros canales digitales ğŸ“ğŸ’»ğŸ“±.",82,21,92,2,0
2025-07-09 12:41:29,BCPComunica,Feb 7,"Â¿AÃºn no conoces todos los canales oficiales del BCP? ğŸ«£ Â¡AnÃ³talos para tener una experiencia segura siempre! ğŸ¤ Comparte esta importante info con tus amigos y familiares. ğŸ¤³ğŸ’™ğŸ§¡

#CanalesOficialesBCP #BCP",97,0,5,0,21.0K
2025-07-09 12:41:29,BCPComunica,Oct 31,A nuestros clientes ğŸ“£,298,303,3.0K,89,234.0K
2025-07-09 12:41:29,BCPComunica,Jul 30,Comunicado: ğŸ™Œ,315,90,507,18,122.0K
2025-07-09 12:41:29,BCPComunica,Jul 30,"Ante lo comunicado previamente, estamos tomando la siguiente medida: ğŸ‘‡",132,72,355,12,91.0K
2025-07-09 12:41:29,BCPComunica,Jul 30,A nuestra comunidad ğŸ“¢,609,318,2.0K,98,305.0K
2025-07-09 12:41:29,BCPComunica,"May 17, 2024",Con mucho orgullo compartimos los 4 premios obtenidos esta noche en losÂ #ANDA2024.ğŸ¤©ğŸ‰ Â¡Felicitaciones a todos los equipos involucrados en este logro! ğŸ‘,118,1,23,2,52.0K
2025-07-09 12:41:29,BCPComunica,"Sep 28, 2023",Continuamos transformando nuestras agencias a nivel nacional para mejorar junto a nuestros clientes. VisÃ­tanos para disfrutar de las novedades y una gran experiencia. ğŸ‘€ğŸ™Œ,167,1,29,0,71.0K
2025-07-09 12:41:29,BCPComunica,"Sep 19, 2023",Aviso importante a nuestra comunidad. ğŸ‘‡ Nuestro plan es siempre mejorar para ayudarte a cumplir los tuyos. ğŸ¤,110,23,133,2,70.0K
2025-07-09 12:41:29,BCPComunica,"Aug 25, 2023",Queremos agradecer a nuestros colaboradores porque gracias a su esfuerzo es que hoy hemos sido reconocidos una vez mÃ¡s y de forma consecutiva por los premios EMA. ğŸ‘ğŸ† Esta es la 12ava oportunidad y queremos reforzar nuestro compromiso mejorando cada dÃ­a nuestros servicios. ğŸ’¯ğŸš€,43,2,45,0,32.0K
2025-07-09 12:41:29,BCPComunica,"Jul 7, 2023","Nos enorgullece haber sido reconocidos en el sector financiero por nuestra excelencia en atenciÃ³n y satisfacciÃ³n. Este prestigioso premio respaldado por Centrum PUCP, Datum, X Customer Group y GestiÃ³n, refuerza nuestro compromiso de seguir brindÃ¡ndote la mejor experiencia. ğŸ™Œ",54,1,26,0,29.0K
2025-07-09 12:41:29,BCPComunica,"Feb 17, 2023",Comunicado,429,183,2.0K,25,225.0K
2025-07-09 12:41:29,BCPComunica,"Oct 31, 2022","MaÃ±ana, martes 1ero de noviembre, por ser feriado ğŸ—“ï¸, todas nuestras agencias a nivel nacional ğŸ¬ no atenderÃ¡n ğŸ“£. No olvides que puedes realizar tus consultas y operaciones, usando nuestros canales digitales ğŸ“ğŸ’»ğŸ“±.",140,18,102,3,0
2025-07-09 12:41:29,BCPComunica,"Oct 7, 2022","MaÃ±ana, sÃ¡bado 8 de octubre, por ser declarado feriado ğŸ—“ï¸, todas nuestras agencias a nivel nacional ğŸ¬ no atenderÃ¡n ğŸ“£. No olvides que puedes realizar tus consultas y operaciones, usando nuestros canales digitales ğŸ“ğŸ’»ğŸ“±.",82,21,92,2,0
2025-07-09 15:22:11,BCPComunica,Feb 7,"Â¿AÃºn no conoces todos los canales oficiales del BCP? ğŸ«£ Â¡AnÃ³talos para tener una experiencia segura siempre! ğŸ¤ Comparte esta importante info con tus amigos y familiares. ğŸ¤³ğŸ’™ğŸ§¡

#CanalesOficialesBCP #BCP",97,0,5,0,21.0K
2025-07-09 15:22:11,BCPComunica,Oct 31,A nuestros clientes ğŸ“£,298,303,3.0K,89,234.0K
2025-07-09 15:22:11,BCPComunica,Jul 30,Comunicado: ğŸ™Œ,315,90,507,18,122.0K
2025-07-09 15:22:11,BCPComunica,Jul 30,"Ante lo comunicado previamente, estamos tomando la siguiente medida: ğŸ‘‡",132,72,355,12,91.0K
2025-07-09 15:22:11,BCPComunica,Jul 30,A nuestra comunidad ğŸ“¢,609,318,2.0K,98,305.0K
2025-07-09 15:22:11,BCPComunica,"May 17, 2024",Con mucho orgullo compartimos los 4 premios obtenidos esta noche en losÂ #ANDA2024.ğŸ¤©ğŸ‰ Â¡Felicitaciones a todos los equipos involucrados en este logro! ğŸ‘,118,1,23,2,52.0K
2025-07-09 15:22:11,BCPComunica,"Sep 28, 2023",Continuamos transformando nuestras agencias a nivel nacional para mejorar junto a nuestros clientes. VisÃ­tanos para disfrutar de las novedades y una gran experiencia. ğŸ‘€ğŸ™Œ,167,1,29,0,71.0K
2025-07-09 15:22:11,BCPComunica,"Sep 19, 2023",Aviso importante a nuestra comunidad. ğŸ‘‡ Nuestro plan es siempre mejorar para ayudarte a cumplir los tuyos. ğŸ¤,110,23,133,2,70.0K
2025-07-09 15:22:11,BCPComunica,"Aug 25, 2023",Queremos agradecer a nuestros colaboradores porque gracias a su esfuerzo es que hoy hemos sido reconocidos una vez mÃ¡s y de forma consecutiva por los premios EMA. ğŸ‘ğŸ† Esta es la 12ava oportunidad y queremos reforzar nuestro compromiso mejorando cada dÃ­a nuestros servicios. ğŸ’¯ğŸš€,43,2,45,0,32.0K
2025-07-09 15:22:11,BCPComunica,"Jul 7, 2023","Nos enorgullece haber sido reconocidos en el sector financiero por nuestra excelencia en atenciÃ³n y satisfacciÃ³n. Este prestigioso premio respaldado por Centrum PUCP, Datum, X Customer Group y GestiÃ³n, refuerza nuestro compromiso de seguir brindÃ¡ndote la mejor experiencia. ğŸ™Œ",54,1,26,0,29.0K
2025-07-09 15:22:11,BCPComunica,"Feb 17, 2023",Comunicado,429,183,2.0K,25,225.0K
2025-07-09 15:22:11,BCPComunica,"Oct 31, 2022","MaÃ±ana, martes 1ero de noviembre, por ser feriado ğŸ—“ï¸, todas nuestras agencias a nivel nacional ğŸ¬ no atenderÃ¡n ğŸ“£. No olvides que puedes realizar tus consultas y operaciones, usando nuestros canales digitales ğŸ“ğŸ’»ğŸ“±.",140,18,102,3,0
2025-07-09 15:22:11,BCPComunica,"Oct 7, 2022","MaÃ±ana, sÃ¡bado 8 de octubre, por ser declarado feriado ğŸ—“ï¸, todas nuestras agencias a nivel nacional ğŸ¬ no atenderÃ¡n ğŸ“£. No olvides que puedes realizar tus consultas y operaciones, usando nuestros canales digitales ğŸ“ğŸ’»ğŸ“±.",82,21,92,2,0
2025-07-09 16:24:38,BCPComunica,Feb 7,"Â¿AÃºn no conoces todos los canales oficiales del BCP? ğŸ«£ Â¡AnÃ³talos para tener una experiencia segura siempre! ğŸ¤ Comparte esta importante info con tus amigos y familiares. ğŸ¤³ğŸ’™ğŸ§¡

#CanalesOficialesBCP #BCP",97,0,5,0,21.0K
2025-07-09 16:24:38,BCPComunica,Oct 31,A nuestros clientes ğŸ“£,298,303,3.0K,89,234.0K
2025-07-09 16:24:38,BCPComunica,Jul 30,Comunicado: ğŸ™Œ,315,90,507,18,122.0K
2025-07-09 16:24:38,BCPComunica,Jul 30,"Ante lo comunicado previamente, estamos tomando la siguiente medida: ğŸ‘‡",132,72,355,12,91.0K
2025-07-09 16:24:38,BCPComunica,Jul 30,A nuestra comunidad ğŸ“¢,609,318,2.0K,98,305.0K
2025-07-09 16:24:38,BCPComunica,"May 17, 2024",Con mucho orgullo compartimos los 4 premios obtenidos esta noche en losÂ #ANDA2024.ğŸ¤©ğŸ‰ Â¡Felicitaciones a todos los equipos involucrados en este logro! ğŸ‘,118,1,23,2,52.0K
2025-07-09 16:24:38,BCPComunica,"Sep 28, 2023",Continuamos transformando nuestras agencias a nivel nacional para mejorar junto a nuestros clientes. VisÃ­tanos para disfrutar de las novedades y una gran experiencia. ğŸ‘€ğŸ™Œ,167,1,29,0,71.0K
2025-07-09 16:24:38,BCPComunica,"Sep 19, 2023",Aviso importante a nuestra comunidad. ğŸ‘‡ Nuestro plan es siempre mejorar para ayudarte a cumplir los tuyos. ğŸ¤,110,23,133,2,70.0K
2025-07-09 16:24:38,BCPComunica,"Aug 25, 2023",Queremos agradecer a nuestros colaboradores porque gracias a su esfuerzo es que hoy hemos sido reconocidos una vez mÃ¡s y de forma consecutiva por los premios EMA. ğŸ‘ğŸ† Esta es la 12ava oportunidad y queremos reforzar nuestro compromiso mejorando cada dÃ­a nuestros servicios. ğŸ’¯ğŸš€,43,2,45,0,32.0K
2025-07-09 16:24:38,BCPComunica,"Jul 7, 2023","Nos enorgullece haber sido reconocidos en el sector financiero por nuestra excelencia en atenciÃ³n y satisfacciÃ³n. Este prestigioso premio respaldado por Centrum PUCP, Datum, X Customer Group y GestiÃ³n, refuerza nuestro compromiso de seguir brindÃ¡ndote la mejor experiencia. ğŸ™Œ",54,1,26,0,29.0K
2025-07-09 16:24:38,BCPComunica,"Feb 17, 2023",Comunicado,429,183,2.0K,25,225.0K
2025-07-09 16:24:38,BCPComunica,"Oct 31, 2022","MaÃ±ana, martes 1ero de noviembre, por ser feriado ğŸ—“ï¸, todas nuestras agencias a nivel nacional ğŸ¬ no atenderÃ¡n ğŸ“£. No olvides que puedes realizar tus consultas y operaciones, usando nuestros canales digitales ğŸ“ğŸ’»ğŸ“±.",140,18,102,3,0
2025-07-09 16:24:38,BCPComunica,"Oct 7, 2022","MaÃ±ana, sÃ¡bado 8 de octubre, por ser declarado feriado ğŸ—“ï¸, todas nuestras agencias a nivel nacional ğŸ¬ no atenderÃ¡n ğŸ“£. No olvides que puedes realizar tus consultas y operaciones, usando nuestros canales digitales ğŸ“ğŸ’»ğŸ“±.",82,21,92,2,0
2025-07-09 17:20:00,BCPComunica,Feb 7,"Â¿AÃºn no conoces todos los canales oficiales del BCP? ğŸ«£ Â¡AnÃ³talos para tener una experiencia segura siempre! ğŸ¤ Comparte esta importante info con tus amigos y familiares. ğŸ¤³ğŸ’™ğŸ§¡

#CanalesOficialesBCP #BCP",97,0,5,0,21.0K
2025-07-09 17:20:00,BCPComunica,Jul 30,"Ante lo comunicado previamente, estamos tomando la siguiente medida: ğŸ‘‡",132,72,355,12,91.0K
2025-07-09 17:20:00,BCPComunica,Jul 30,A nuestra comunidad ğŸ“¢,609,318,2.0K,98,305.0K
2025-07-09 17:20:00,BCPComunica,"May 17, 2024",Con mucho orgullo compartimos los 4 premios obtenidos esta noche en losÂ #ANDA2024.ğŸ¤©ğŸ‰ Â¡Felicitaciones a todos los equipos involucrados en este logro! ğŸ‘,118,1,23,2,52.0K
2025-07-09 17:20:00,BCPComunica,"Sep 28, 2023",Continuamos transformando nuestras agencias a nivel nacional para mejorar junto a nuestros clientes. VisÃ­tanos para disfrutar de las novedades y una gran experiencia. ğŸ‘€ğŸ™Œ,167,1,29,0,71.0K
2025-07-09 17:20:00,BCPComunica,"Sep 19, 2023",Aviso importante a nuestra comunidad. ğŸ‘‡ Nuestro plan es siempre mejorar para ayudarte a cumplir los tuyos. ğŸ¤,110,23,133,2,70.0K
2025-07-09 17:20:00,BCPComunica,"Aug 25, 2023",Queremos agradecer a nuestros colaboradores porque gracias a su esfuerzo es que hoy hemos sido reconocidos una vez mÃ¡s y de forma consecutiva por los premios EMA. ğŸ‘ğŸ† Esta es la 12ava oportunidad y queremos reforzar nuestro compromiso mejorando cada dÃ­a nuestros servicios. ğŸ’¯ğŸš€,43,2,45,0,32.0K
2025-07-09 17:20:00,BCPComunica,"Jul 7, 2023","Nos enorgullece haber sido reconocidos en el sector financiero por nuestra excelencia en atenciÃ³n y satisfacciÃ³n. Este prestigioso premio respaldado por Centrum PUCP, Datum, X Customer Group y GestiÃ³n, refuerza nuestro compromiso de seguir brindÃ¡ndote la mejor experiencia. ğŸ™Œ",54,1,26,0,29.0K
2025-07-09 17:20:00,BCPComunica,"Oct 31, 2022","MaÃ±ana, martes 1ero de noviembre, por ser feriado ğŸ—“ï¸, todas nuestras agencias a nivel nacional ğŸ¬ no atenderÃ¡n ğŸ“£. No olvides que puedes realizar tus consultas y operaciones, usando nuestros canales digitales ğŸ“ğŸ’»ğŸ“±.",140,18,102,3,0
2025-07-09 17:20:00,BCPComunica,"Oct 7, 2022","MaÃ±ana, sÃ¡bado 8 de octubre, por ser declarado feriado ğŸ—“ï¸, todas nuestras agencias a nivel nacional ğŸ¬ no atenderÃ¡n ğŸ“£. No olvides que puedes realizar tus consultas y operaciones, usando nuestros canales digitales ğŸ“ğŸ’»ğŸ“±.",82,21,92,2,0
2025-07-09 18:29:32,BCPComunica,Feb 7,"Â¿AÃºn no conoces todos los canales oficiales del BCP? ğŸ«£ Â¡AnÃ³talos para tener una experiencia segura siempre! ğŸ¤ Comparte esta importante info con tus amigos y familiares. ğŸ¤³ğŸ’™ğŸ§¡

#CanalesOficialesBCP #BCP",97,0,5,0,21.0K
2025-07-09 18:29:32,BCPComunica,Oct 31,A nuestros clientes ğŸ“£,298,303,3.0K,89,234.0K
2025-07-09 18:29:32,BCPComunica,Jul 30,Comunicado: ğŸ™Œ,315,90,507,18,122.0K
2025-07-09 18:29:32,BCPComunica,Jul 30,"Ante lo comunicado previamente, estamos tomando la siguiente medida: ğŸ‘‡",132,72,355,12,91.0K
2025-07-09 18:29:32,BCPComunica,Jul 30,A nuestra comunidad ğŸ“¢,609,318,2.0K,98,305.0K
2025-07-09 18:29:32,BCPComunica,"May 17, 2024",Con mucho orgullo compartimos los 4 premios obtenidos esta noche en losÂ #ANDA2024.ğŸ¤©ğŸ‰ Â¡Felicitaciones a todos los equipos involucrados en este logro! ğŸ‘,118,1,23,2,52.0K
2025-07-09 18:29:32,BCPComunica,"Sep 28, 2023",Continuamos transformando nuestras agencias a nivel nacional para mejorar junto a nuestros clientes. VisÃ­tanos para disfrutar de las novedades y una gran experiencia. ğŸ‘€ğŸ™Œ,167,1,29,0,71.0K
2025-07-09 18:29:32,BCPComunica,"Sep 19, 2023",Aviso importante a nuestra comunidad. ğŸ‘‡ Nuestro plan es siempre mejorar para ayudarte a cumplir los tuyos. ğŸ¤,110,23,133,2,70.0K
2025-07-09 18:29:32,BCPComunica,"Aug 25, 2023",Queremos agradecer a nuestros colaboradores porque gracias a su esfuerzo es que hoy hemos sido reconocidos una vez mÃ¡s y de forma consecutiva por los premios EMA. ğŸ‘ğŸ† Esta es la 12ava oportunidad y queremos reforzar nuestro compromiso mejorando cada dÃ­a nuestros servicios. ğŸ’¯ğŸš€,43,2,45,0,32.0K
2025-07-09 18:29:32,BCPComunica,"Jul 7, 2023","Nos enorgullece haber sido reconocidos en el sector financiero por nuestra excelencia en atenciÃ³n y satisfacciÃ³n. Este prestigioso premio respaldado por Centrum PUCP, Datum, X Customer Group y GestiÃ³n, refuerza nuestro compromiso de seguir brindÃ¡ndote la mejor experiencia. ğŸ™Œ",54,1,26,0,29.0K
2025-07-09 18:29:32,BCPComunica,"Feb 17, 2023",Comunicado,429,183,2.0K,25,225.0K
2025-07-09 18:29:32,BCPComunica,"Oct 31, 2022","MaÃ±ana, martes 1ero de noviembre, por ser feriado ğŸ—“ï¸, todas nuestras agencias a nivel nacional ğŸ¬ no atenderÃ¡n ğŸ“£. No olvides que puedes realizar tus consultas y operaciones, usando nuestros canales digitales ğŸ“ğŸ’»ğŸ“±.",140,18,102,3,0
2025-07-09 18:29:32,BCPComunica,"Oct 7, 2022","MaÃ±ana, sÃ¡bado 8 de octubre, por ser declarado feriado ğŸ—“ï¸, todas nuestras agencias a nivel nacional ğŸ¬ no atenderÃ¡n ğŸ“£. No olvides que puedes realizar tus consultas y operaciones, usando nuestros canales digitales ğŸ“ğŸ’»ğŸ“±.",82,21,92,2,0
2025-07-10 20:22:29,BCPComunica,Feb 7,"Â¿AÃºn no conoces todos los canales oficiales del BCP? ğŸ«£ Â¡AnÃ³talos para tener una experiencia segura siempre! ğŸ¤ Comparte esta importante info con tus amigos y familiares. ğŸ¤³ğŸ’™ğŸ§¡

#CanalesOficialesBCP #BCP",97,0,5,0,21.0K
2025-07-10 20:22:29,BCPComunica,Oct 31,A nuestros clientes ğŸ“£,299,303,3.0K,89,234.0K
2025-07-10 20:22:29,BCPComunica,Jul 30,Comunicado: ğŸ™Œ,315,90,507,18,122.0K
2025-07-10 20:22:29,BCPComunica,Jul 30,"Ante lo comunicado previamente, estamos tomando la siguiente medida: ğŸ‘‡",132,72,355,12,91.0K
2025-07-10 20:22:29,BCPComunica,Jul 30,A nuestra comunidad ğŸ“¢,609,318,2.0K,98,305.0K
2025-07-10 20:22:29,BCPComunica,"May 17, 2024",Con mucho orgullo compartimos los 4 premios obtenidos esta noche en losÂ #ANDA2024.ğŸ¤©ğŸ‰ Â¡Felicitaciones a todos los equipos involucrados en este logro! ğŸ‘,117,1,23,2,52.0K
2025-07-10 20:22:29,BCPComunica,"Sep 28, 2023",Continuamos transformando nuestras agencias a nivel nacional para mejorar junto a nuestros clientes. VisÃ­tanos para disfrutar de las novedades y una gran experiencia. ğŸ‘€ğŸ™Œ,167,1,29,0,71.0K
2025-07-10 20:22:29,BCPComunica,"Sep 19, 2023",Aviso importante a nuestra comunidad. ğŸ‘‡ Nuestro plan es siempre mejorar para ayudarte a cumplir los tuyos. ğŸ¤,110,23,133,2,70.0K
2025-07-10 20:22:29,BCPComunica,"Aug 25, 2023",Queremos agradecer a nuestros colaboradores porque gracias a su esfuerzo es que hoy hemos sido reconocidos una vez mÃ¡s y de forma consecutiva por los premios EMA. ğŸ‘ğŸ† Esta es la 12ava oportunidad y queremos reforzar nuestro compromiso mejorando cada dÃ­a nuestros servicios. ğŸ’¯ğŸš€,43,2,45,0,32.0K
2025-07-10 20:22:29,BCPComunica,"Jul 7, 2023","Nos enorgullece haber sido reconocidos en el sector financiero por nuestra excelencia en atenciÃ³n y satisfacciÃ³n. Este prestigioso premio respaldado por Centrum PUCP, Datum, X Customer Group y GestiÃ³n, refuerza nuestro compromiso de seguir brindÃ¡ndote la mejor experiencia. ğŸ™Œ",54,1,26,0,29.0K
2025-07-10 20:22:29,BCPComunica,"Feb 17, 2023",Comunicado,429,183,2.0K,25,225.0K
2025-07-10 20:22:29,BCPComunica,"Oct 31, 2022","MaÃ±ana, martes 1ero de noviembre, por ser feriado ğŸ—“ï¸, todas nuestras agencias a nivel nacional ğŸ¬ no atenderÃ¡n ğŸ“£. No olvides que puedes realizar tus consultas y operaciones, usando nuestros canales digitales ğŸ“ğŸ’»ğŸ“±.",140,18,102,3,0
2025-07-10 20:22:29,BCPComunica,"Oct 7, 2022","MaÃ±ana, sÃ¡bado 8 de octubre, por ser declarado feriado ğŸ—“ï¸, todas nuestras agencias a nivel nacional ğŸ¬ no atenderÃ¡n ğŸ“£. No olvides que puedes realizar tus consultas y operaciones, usando nuestros canales digitales ğŸ“ğŸ’»ğŸ“±.",82,21,92,2,0
2025-07-10 21:20:43,BCPComunica,Feb 7,"Â¿AÃºn no conoces todos los canales oficiales del BCP? ğŸ«£ Â¡AnÃ³talos para tener una experiencia segura siempre! ğŸ¤ Comparte esta importante info con tus amigos y familiares. ğŸ¤³ğŸ’™ğŸ§¡

#CanalesOficialesBCP #BCP",97,0,5,0,21.0K
2025-07-10 21:20:43,BCPComunica,Oct 31,A nuestros clientes ğŸ“£,299,303,3.0K,89,234.0K
2025-07-10 21:20:43,BCPComunica,Jul 30,Comunicado: ğŸ™Œ,315,90,507,18,122.0K
2025-07-10 21:20:43,BCPComunica,Jul 30,"Ante lo comunicado previamente, estamos tomando la siguiente medida: ğŸ‘‡",132,72,355,12,91.0K
2025-07-10 21:20:43,BCPComunica,Jul 30,A nuestra comunidad ğŸ“¢,609,318,2.0K,98,305.0K
2025-07-10 21:20:43,BCPComunica,"May 17, 2024",Con mucho orgullo compartimos los 4 premios obtenidos esta noche en losÂ #ANDA2024.ğŸ¤©ğŸ‰ Â¡Felicitaciones a todos los equipos involucrados en este logro! ğŸ‘,117,1,23,2,52.0K
2025-07-10 21:20:43,BCPComunica,"Sep 28, 2023",Continuamos transformando nuestras agencias a nivel nacional para mejorar junto a nuestros clientes. VisÃ­tanos para disfrutar de las novedades y una gran experiencia. ğŸ‘€ğŸ™Œ,167,1,29,0,71.0K
2025-07-10 21:20:43,BCPComunica,"Sep 19, 2023",Aviso importante a nuestra comunidad. ğŸ‘‡ Nuestro plan es siempre mejorar para ayudarte a cumplir los tuyos. ğŸ¤,110,23,133,2,70.0K
2025-07-10 21:20:43,BCPComunica,"Aug 25, 2023",Queremos agradecer a nuestros colaboradores porque gracias a su esfuerzo es que hoy hemos sido reconocidos una vez mÃ¡s y de forma consecutiva por los premios EMA. ğŸ‘ğŸ† Esta es la 12ava oportunidad y queremos reforzar nuestro compromiso mejorando cada dÃ­a nuestros servicios. ğŸ’¯ğŸš€,43,2,45,0,32.0K
2025-07-10 21:20:43,BCPComunica,"Jul 7, 2023","Nos enorgullece haber sido reconocidos en el sector financiero por nuestra excelencia en atenciÃ³n y satisfacciÃ³n. Este prestigioso premio respaldado por Centrum PUCP, Datum, X Customer Group y GestiÃ³n, refuerza nuestro compromiso de seguir brindÃ¡ndote la mejor experiencia. ğŸ™Œ",54,1,26,0,29.0K
2025-07-10 21:20:43,BCPComunica,"Feb 17, 2023",Comunicado,429,183,2.0K,25,225.0K
2025-07-10 21:20:43,BCPComunica,"Oct 31, 2022","MaÃ±ana, martes 1ero de noviembre, por ser feriado ğŸ—“ï¸, todas nuestras agencias a nivel nacional ğŸ¬ no atenderÃ¡n ğŸ“£. No olvides que puedes realizar tus consultas y operaciones, usando nuestros canales digitales ğŸ“ğŸ’»ğŸ“±.",140,18,102,3,0
2025-07-10 21:20:43,BCPComunica,"Oct 7, 2022","MaÃ±ana, sÃ¡bado 8 de octubre, por ser declarado feriado ğŸ—“ï¸, todas nuestras agencias a nivel nacional ğŸ¬ no atenderÃ¡n ğŸ“£. No olvides que puedes realizar tus consultas y operaciones, usando nuestros canales digitales ğŸ“ğŸ’»ğŸ“±.",82,21,92,2,0
2025-07-10 22:19:25,BCPComunica,Feb 7,"Â¿AÃºn no conoces todos los canales oficiales del BCP? ğŸ«£ Â¡AnÃ³talos para tener una experiencia segura siempre! ğŸ¤ Comparte esta importante info con tus amigos y familiares. ğŸ¤³ğŸ’™ğŸ§¡

#CanalesOficialesBCP #BCP",97,0,5,0,21.0K
2025-07-10 22:19:25,BCPComunica,Oct 31,A nuestros clientes ğŸ“£,299,303,3.0K,89,234.0K
2025-07-10 22:19:25,BCPComunica,Jul 30,Comunicado: ğŸ™Œ,315,90,507,18,122.0K
2025-07-10 22:19:25,BCPComunica,Jul 30,"Ante lo comunicado previamente, estamos tomando la siguiente medida: ğŸ‘‡",132,72,355,12,91.0K
2025-07-10 22:19:25,BCPComunica,Jul 30,A nuestra comunidad ğŸ“¢,609,318,2.0K,98,305.0K
2025-07-10 22:19:25,BCPComunica,"May 17, 2024",Con mucho orgullo compartimos los 4 premios obtenidos esta noche en losÂ #ANDA2024.ğŸ¤©ğŸ‰ Â¡Felicitaciones a todos los equipos involucrados en este logro! ğŸ‘,117,1,23,2,52.0K
2025-07-10 22:19:25,BCPComunica,"Sep 28, 2023",Continuamos transformando nuestras agencias a nivel nacional para mejorar junto a nuestros clientes. VisÃ­tanos para disfrutar de las novedades y una gran experiencia. ğŸ‘€ğŸ™Œ,167,1,29,0,71.0K
2025-07-10 22:19:25,BCPComunica,"Sep 19, 2023",Aviso importante a nuestra comunidad. ğŸ‘‡ Nuestro plan es siempre mejorar para ayudarte a cumplir los tuyos. ğŸ¤,110,23,133,2,70.0K
2025-07-10 22:19:25,BCPComunica,"Aug 25, 2023",Queremos agradecer a nuestros colaboradores porque gracias a su esfuerzo es que hoy hemos sido reconocidos una vez mÃ¡s y de forma consecutiva por los premios EMA. ğŸ‘ğŸ† Esta es la 12ava oportunidad y queremos reforzar nuestro compromiso mejorando cada dÃ­a nuestros servicios. ğŸ’¯ğŸš€,43,2,45,0,32.0K
2025-07-10 22:19:25,BCPComunica,"Jul 7, 2023","Nos enorgullece haber sido reconocidos en el sector financiero por nuestra excelencia en atenciÃ³n y satisfacciÃ³n. Este prestigioso premio respaldado por Centrum PUCP, Datum, X Customer Group y GestiÃ³n, refuerza nuestro compromiso de seguir brindÃ¡ndote la mejor experiencia. ğŸ™Œ",54,1,26,0,29.0K
2025-07-10 22:19:25,BCPComunica,"Feb 17, 2023",Comunicado,429,183,2.0K,25,225.0K
2025-07-10 22:19:25,BCPComunica,"Oct 31, 2022","MaÃ±ana, martes 1ero de noviembre, por ser feriado ğŸ—“ï¸, todas nuestras agencias a nivel nacional ğŸ¬ no atenderÃ¡n ğŸ“£. No olvides que puedes realizar tus consultas y operaciones, usando nuestros canales digitales ğŸ“ğŸ’»ğŸ“±.",140,18,102,3,0
2025-07-10 22:19:25,BCPComunica,"Oct 7, 2022","MaÃ±ana, sÃ¡bado 8 de octubre, por ser declarado feriado ğŸ—“ï¸, todas nuestras agencias a nivel nacional ğŸ¬ no atenderÃ¡n ğŸ“£. No olvides que puedes realizar tus consultas y operaciones, usando nuestros canales digitales ğŸ“ğŸ’»ğŸ“±.",82,21,92,2,0
2025-07-10 23:19:51,BCPComunica,Feb 7,"Â¿AÃºn no conoces todos los canales oficiales del BCP? ğŸ«£ Â¡AnÃ³talos para tener una experiencia segura siempre! ğŸ¤ Comparte esta importante info con tus amigos y familiares. ğŸ¤³ğŸ’™ğŸ§¡

#CanalesOficialesBCP #BCP",97,0,5,0,21.0K
2025-07-10 23:19:51,BCPComunica,Oct 31,A nuestros clientes ğŸ“£,299,303,3.0K,89,234.0K
2025-07-10 23:19:51,BCPComunica,Jul 30,Comunicado: ğŸ™Œ,315,90,507,18,122.0K
2025-07-10 23:19:51,BCPComunica,Jul 30,"Ante lo comunicado previamente, estamos tomando la siguiente medida: ğŸ‘‡",132,72,355,12,91.0K
2025-07-10 23:19:51,BCPComunica,Jul 30,A nuestra comunidad ğŸ“¢,609,318,2.0K,98,305.0K
2025-07-10 23:19:51,BCPComunica,"May 17, 2024",Con mucho orgullo compartimos los 4 premios obtenidos esta noche en losÂ #ANDA2024.ğŸ¤©ğŸ‰ Â¡Felicitaciones a todos los equipos involucrados en este logro! ğŸ‘,117,1,23,2,52.0K
2025-07-10 23:19:51,BCPComunica,"Sep 28, 2023",Continuamos transformando nuestras agencias a nivel nacional para mejorar junto a nuestros clientes. VisÃ­tanos para disfrutar de las novedades y una gran experiencia. ğŸ‘€ğŸ™Œ,167,1,29,0,71.0K
2025-07-10 23:19:51,BCPComunica,"Sep 19, 2023",Aviso importante a nuestra comunidad. ğŸ‘‡ Nuestro plan es siempre mejorar para ayudarte a cumplir los tuyos. ğŸ¤,110,23,133,2,70.0K
2025-07-10 23:19:51,BCPComunica,"Aug 25, 2023",Queremos agradecer a nuestros colaboradores porque gracias a su esfuerzo es que hoy hemos sido reconocidos una vez mÃ¡s y de forma consecutiva por los premios EMA. ğŸ‘ğŸ† Esta es la 12ava oportunidad y queremos reforzar nuestro compromiso mejorando cada dÃ­a nuestros servicios. ğŸ’¯ğŸš€,43,2,45,0,32.0K
2025-07-10 23:19:51,BCPComunica,"Jul 7, 2023","Nos enorgullece haber sido reconocidos en el sector financiero por nuestra excelencia en atenciÃ³n y satisfacciÃ³n. Este prestigioso premio respaldado por Centrum PUCP, Datum, X Customer Group y GestiÃ³n, refuerza nuestro compromiso de seguir brindÃ¡ndote la mejor experiencia. ğŸ™Œ",54,1,26,0,29.0K
2025-07-10 23:19:51,BCPComunica,"Feb 17, 2023",Comunicado,429,183,2.0K,25,225.0K
2025-07-10 23:19:51,BCPComunica,"Oct 31, 2022","MaÃ±ana, martes 1ero de noviembre, por ser feriado ğŸ—“ï¸, todas nuestras agencias a nivel nacional ğŸ¬ no atenderÃ¡n ğŸ“£. No olvides que puedes realizar tus consultas y operaciones, usando nuestros canales digitales ğŸ“ğŸ’»ğŸ“±.",140,18,102,3,0
2025-07-10 23:19:51,BCPComunica,"Oct 7, 2022","MaÃ±ana, sÃ¡bado 8 de octubre, por ser declarado feriado ğŸ—“ï¸, todas nuestras agencias a nivel nacional ğŸ¬ no atenderÃ¡n ğŸ“£. No olvides que puedes realizar tus consultas y operaciones, usando nuestros canales digitales ğŸ“ğŸ’»ğŸ“±.",82,21,92,2,0
2025-07-11 01:44:07,BCPComunica,Feb 7,"Â¿AÃºn no conoces todos los canales oficiales del BCP? ğŸ«£ Â¡AnÃ³talos para tener una experiencia segura siempre! ğŸ¤ Comparte esta importante info con tus amigos y familiares. ğŸ¤³ğŸ’™ğŸ§¡

#CanalesOficialesBCP #BCP",97,0,5,0,21.0K
2025-07-11 01:44:07,BCPComunica,Oct 31,A nuestros clientes ğŸ“£,299,303,3.0K,89,234.0K
2025-07-11 01:44:07,BCPComunica,Jul 30,Comunicado: ğŸ™Œ,315,90,507,18,122.0K
2025-07-11 01:44:07,BCPComunica,Jul 30,"Ante lo comunicado previamente, estamos tomando la siguiente medida: ğŸ‘‡",132,72,355,12,91.0K
2025-07-11 01:44:07,BCPComunica,Jul 30,A nuestra comunidad ğŸ“¢,609,318,2.0K,98,305.0K
2025-07-11 01:44:07,BCPComunica,"May 17, 2024",Con mucho orgullo compartimos los 4 premios obtenidos esta noche en losÂ #ANDA2024.ğŸ¤©ğŸ‰ Â¡Felicitaciones a todos los equipos involucrados en este logro! ğŸ‘,117,1,23,2,52.0K
2025-07-11 01:44:07,BCPComunica,"Sep 28, 2023",Continuamos transformando nuestras agencias a nivel nacional para mejorar junto a nuestros clientes. VisÃ­tanos para disfrutar de las novedades y una gran experiencia. ğŸ‘€ğŸ™Œ,167,1,29,0,71.0K
2025-07-11 01:44:07,BCPComunica,"Sep 19, 2023",Aviso importante a nuestra comunidad. ğŸ‘‡ Nuestro plan es siempre mejorar para ayudarte a cumplir los tuyos. ğŸ¤,110,23,133,2,70.0K
2025-07-11 01:44:07,BCPComunica,"Aug 25, 2023",Queremos agradecer a nuestros colaboradores porque gracias a su esfuerzo es que hoy hemos sido reconocidos una vez mÃ¡s y de forma consecutiva por los premios EMA. ğŸ‘ğŸ† Esta es la 12ava oportunidad y queremos reforzar nuestro compromiso mejorando cada dÃ­a nuestros servicios. ğŸ’¯ğŸš€,43,2,45,0,32.0K
2025-07-11 01:44:07,BCPComunica,"Jul 7, 2023","Nos enorgullece haber sido reconocidos en el sector financiero por nuestra excelencia en atenciÃ³n y satisfacciÃ³n. Este prestigioso premio respaldado por Centrum PUCP, Datum, X Customer Group y GestiÃ³n, refuerza nuestro compromiso de seguir brindÃ¡ndote la mejor experiencia. ğŸ™Œ",54,1,26,0,29.0K
2025-07-11 01:44:07,BCPComunica,"Feb 17, 2023",Comunicado,429,183,2.0K,25,225.0K
2025-07-11 01:44:07,BCPComunica,"Oct 31, 2022","MaÃ±ana, martes 1ero de noviembre, por ser feriado ğŸ—“ï¸, todas nuestras agencias a nivel nacional ğŸ¬ no atenderÃ¡n ğŸ“£. No olvides que puedes realizar tus consultas y operaciones, usando nuestros canales digitales ğŸ“ğŸ’»ğŸ“±.",140,18,102,3,0
2025-07-11 01:44:07,BCPComunica,"Oct 7, 2022","MaÃ±ana, sÃ¡bado 8 de octubre, por ser declarado feriado ğŸ—“ï¸, todas nuestras agencias a nivel nacional ğŸ¬ no atenderÃ¡n ğŸ“£. No olvides que puedes realizar tus consultas y operaciones, usando nuestros canales digitales ğŸ“ğŸ’»ğŸ“±.",82,21,92,2,0
2025-07-11 03:27:59,BCPComunica,Feb 7,"Â¿AÃºn no conoces todos los canales oficiales del BCP? ğŸ«£ Â¡AnÃ³talos para tener una experiencia segura siempre! ğŸ¤ Comparte esta importante info con tus amigos y familiares. ğŸ¤³ğŸ’™ğŸ§¡

#CanalesOficialesBCP #BCP",97,0,5,0,21.0K
2025-07-11 03:27:59,BCPComunica,Oct 31,A nuestros clientes ğŸ“£,299,303,3.0K,89,234.0K
2025-07-11 03:27:59,BCPComunica,Jul 30,Comunicado: ğŸ™Œ,315,90,507,18,122.0K
2025-07-11 03:27:59,BCPComunica,Jul 30,"Ante lo comunicado previamente, estamos tomando la siguiente medida: ğŸ‘‡",132,72,355,12,91.0K
2025-07-11 03:27:59,BCPComunica,Jul 30,A nuestra comunidad ğŸ“¢,609,318,2.0K,98,305.0K
2025-07-11 03:27:59,BCPComunica,"May 17, 2024",Con mucho orgullo compartimos los 4 premios obtenidos esta noche en losÂ #ANDA2024.ğŸ¤©ğŸ‰ Â¡Felicitaciones a todos los equipos involucrados en este logro! ğŸ‘,117,1,23,2,52.0K
2025-07-11 03:27:59,BCPComunica,"Sep 28, 2023",Continuamos transformando nuestras agencias a nivel nacional para mejorar junto a nuestros clientes. VisÃ­tanos para disfrutar de las novedades y una gran experiencia. ğŸ‘€ğŸ™Œ,167,1,29,0,71.0K
2025-07-11 03:27:59,BCPComunica,"Sep 19, 2023",Aviso importante a nuestra comunidad. ğŸ‘‡ Nuestro plan es siempre mejorar para ayudarte a cumplir los tuyos. ğŸ¤,110,23,133,2,70.0K
2025-07-11 03:27:59,BCPComunica,"Aug 25, 2023",Queremos agradecer a nuestros colaboradores porque gracias a su esfuerzo es que hoy hemos sido reconocidos una vez mÃ¡s y de forma consecutiva por los premios EMA. ğŸ‘ğŸ† Esta es la 12ava oportunidad y queremos reforzar nuestro compromiso mejorando cada dÃ­a nuestros servicios. ğŸ’¯ğŸš€,43,2,45,0,32.0K
2025-07-11 03:27:59,BCPComunica,"Jul 7, 2023","Nos enorgullece haber sido reconocidos en el sector financiero por nuestra excelencia en atenciÃ³n y satisfacciÃ³n. Este prestigioso premio respaldado por Centrum PUCP, Datum, X Customer Group y GestiÃ³n, refuerza nuestro compromiso de seguir brindÃ¡ndote la mejor experiencia. ğŸ™Œ",54,1,26,0,29.0K
2025-07-11 03:27:59,BCPComunica,"Feb 17, 2023",Comunicado,429,183,2.0K,25,225.0K
2025-07-11 03:27:59,BCPComunica,"Oct 31, 2022","MaÃ±ana, martes 1ero de noviembre, por ser feriado ğŸ—“ï¸, todas nuestras agencias a nivel nacional ğŸ¬ no atenderÃ¡n ğŸ“£. No olvides que puedes realizar tus consultas y operaciones, usando nuestros canales digitales ğŸ“ğŸ’»ğŸ“±.",140,18,102,3,0
2025-07-11 03:27:59,BCPComunica,"Oct 7, 2022","MaÃ±ana, sÃ¡bado 8 de octubre, por ser declarado feriado ğŸ—“ï¸, todas nuestras agencias a nivel nacional ğŸ¬ no atenderÃ¡n ğŸ“£. No olvides que puedes realizar tus consultas y operaciones, usando nuestros canales digitales ğŸ“ğŸ’»ğŸ“±.",82,21,92,2,0
2025-07-11 06:31:08,BCPComunica,Feb 7,"Â¿AÃºn no conoces todos los canales oficiales del BCP? ğŸ«£ Â¡AnÃ³talos para tener una experiencia segura siempre! ğŸ¤ Comparte esta importante info con tus amigos y familiares. ğŸ¤³ğŸ’™ğŸ§¡

#CanalesOficialesBCP #BCP",97,0,5,0,21.0K
2025-07-11 06:31:08,BCPComunica,Oct 31,A nuestros clientes ğŸ“£,299,303,3.0K,89,234.0K
2025-07-11 06:31:08,BCPComunica,Jul 30,Comunicado: ğŸ™Œ,315,90,507,18,122.0K
2025-07-11 06:31:08,BCPComunica,Jul 30,"Ante lo comunicado previamente, estamos tomando la siguiente medida: ğŸ‘‡",132,72,355,12,91.0K
2025-07-11 06:31:08,BCPComunica,Jul 30,A nuestra comunidad ğŸ“¢,609,318,2.0K,98,305.0K
2025-07-11 06:31:08,BCPComunica,"May 17, 2024",Con mucho orgullo compartimos los 4 premios obtenidos esta noche en losÂ #ANDA2024.ğŸ¤©ğŸ‰ Â¡Felicitaciones a todos los equipos involucrados en este logro! ğŸ‘,117,1,23,2,52.0K
2025-07-11 06:31:08,BCPComunica,"Sep 28, 2023",Continuamos transformando nuestras agencias a nivel nacional para mejorar junto a nuestros clientes. VisÃ­tanos para disfrutar de las novedades y una gran experiencia. ğŸ‘€ğŸ™Œ,167,1,29,0,71.0K
2025-07-11 06:31:08,BCPComunica,"Sep 19, 2023",Aviso importante a nuestra comunidad. ğŸ‘‡ Nuestro plan es siempre mejorar para ayudarte a cumplir los tuyos. ğŸ¤,110,23,133,2,70.0K
2025-07-11 06:31:08,BCPComunica,"Aug 25, 2023",Queremos agradecer a nuestros colaboradores porque gracias a su esfuerzo es que hoy hemos sido reconocidos una vez mÃ¡s y de forma consecutiva por los premios EMA. ğŸ‘ğŸ† Esta es la 12ava oportunidad y queremos reforzar nuestro compromiso mejorando cada dÃ­a nuestros servicios. ğŸ’¯ğŸš€,43,2,45,0,32.0K
2025-07-11 06:31:08,BCPComunica,"Jul 7, 2023","Nos enorgullece haber sido reconocidos en el sector financiero por nuestra excelencia en atenciÃ³n y satisfacciÃ³n. Este prestigioso premio respaldado por Centrum PUCP, Datum, X Customer Group y GestiÃ³n, refuerza nuestro compromiso de seguir brindÃ¡ndote la mejor experiencia. ğŸ™Œ",54,1,26,0,29.0K
2025-07-11 06:31:08,BCPComunica,"Feb 17, 2023",Comunicado,429,183,2.0K,25,225.0K
2025-07-11 06:31:08,BCPComunica,"Oct 31, 2022","MaÃ±ana, martes 1ero de noviembre, por ser feriado ğŸ—“ï¸, todas nuestras agencias a nivel nacional ğŸ¬ no atenderÃ¡n ğŸ“£. No olvides que puedes realizar tus consultas y operaciones, usando nuestros canales digitales ğŸ“ğŸ’»ğŸ“±.",140,18,102,3,0
2025-07-11 06:31:08,BCPComunica,"Oct 7, 2022","MaÃ±ana, sÃ¡bado 8 de octubre, por ser declarado feriado ğŸ—“ï¸, todas nuestras agencias a nivel nacional ğŸ¬ no atenderÃ¡n ğŸ“£. No olvides que puedes realizar tus consultas y operaciones, usando nuestros canales digitales ğŸ“ğŸ’»ğŸ“±.",82,21,92,2,0
2025-07-11 07:21:13,BCPComunica,Feb 7,"Â¿AÃºn no conoces todos los canales oficiales del BCP? ğŸ«£ Â¡AnÃ³talos para tener una experiencia segura siempre! ğŸ¤ Comparte esta importante info con tus amigos y familiares. ğŸ¤³ğŸ’™ğŸ§¡

#CanalesOficialesBCP #BCP",97,0,5,0,21.0K
2025-07-11 07:21:13,BCPComunica,Oct 31,A nuestros clientes ğŸ“£,299,303,3.0K,89,234.0K
2025-07-11 07:21:13,BCPComunica,Jul 30,Comunicado: ğŸ™Œ,315,90,507,18,122.0K
2025-07-11 07:21:13,BCPComunica,Jul 30,"Ante lo comunicado previamente, estamos tomando la siguiente medida: ğŸ‘‡",132,72,355,12,91.0K
2025-07-11 07:21:13,BCPComunica,Jul 30,A nuestra comunidad ğŸ“¢,609,318,2.0K,98,305.0K
2025-07-11 07:21:13,BCPComunica,"May 17, 2024",Con mucho orgullo compartimos los 4 premios obtenidos esta noche en losÂ #ANDA2024.ğŸ¤©ğŸ‰ Â¡Felicitaciones a todos los equipos involucrados en este logro! ğŸ‘,117,1,23,2,52.0K
2025-07-11 07:21:13,BCPComunica,"Sep 28, 2023",Continuamos transformando nuestras agencias a nivel nacional para mejorar junto a nuestros clientes. VisÃ­tanos para disfrutar de las novedades y una gran experiencia. ğŸ‘€ğŸ™Œ,167,1,29,0,71.0K
2025-07-11 07:21:13,BCPComunica,"Sep 19, 2023",Aviso importante a nuestra comunidad. ğŸ‘‡ Nuestro plan es siempre mejorar para ayudarte a cumplir los tuyos. ğŸ¤,110,23,133,2,70.0K
2025-07-11 07:21:13,BCPComunica,"Aug 25, 2023",Queremos agradecer a nuestros colaboradores porque gracias a su esfuerzo es que hoy hemos sido reconocidos una vez mÃ¡s y de forma consecutiva por los premios EMA. ğŸ‘ğŸ† Esta es la 12ava oportunidad y queremos reforzar nuestro compromiso mejorando cada dÃ­a nuestros servicios. ğŸ’¯ğŸš€,43,2,45,0,32.0K
2025-07-11 07:21:13,BCPComunica,"Jul 7, 2023","Nos enorgullece haber sido reconocidos en el sector financiero por nuestra excelencia en atenciÃ³n y satisfacciÃ³n. Este prestigioso premio respaldado por Centrum PUCP, Datum, X Customer Group y GestiÃ³n, refuerza nuestro compromiso de seguir brindÃ¡ndote la mejor experiencia. ğŸ™Œ",54,1,26,0,29.0K
2025-07-11 07:21:13,BCPComunica,"Feb 17, 2023",Comunicado,429,183,2.0K,25,225.0K
2025-07-11 07:21:13,BCPComunica,"Oct 31, 2022","MaÃ±ana, martes 1ero de noviembre, por ser feriado ğŸ—“ï¸, todas nuestras agencias a nivel nacional ğŸ¬ no atenderÃ¡n ğŸ“£. No olvides que puedes realizar tus consultas y operaciones, usando nuestros canales digitales ğŸ“ğŸ’»ğŸ“±.",140,18,102,3,0
2025-07-11 07:21:13,BCPComunica,"Oct 7, 2022","MaÃ±ana, sÃ¡bado 8 de octubre, por ser declarado feriado ğŸ—“ï¸, todas nuestras agencias a nivel nacional ğŸ¬ no atenderÃ¡n ğŸ“£. No olvides que puedes realizar tus consultas y operaciones, usando nuestros canales digitales ğŸ“ğŸ’»ğŸ“±.",82,21,92,2,0
2025-07-11 08:28:00,BCPComunica,Feb 7,"Â¿AÃºn no conoces todos los canales oficiales del BCP? ğŸ«£ Â¡AnÃ³talos para tener una experiencia segura siempre! ğŸ¤ Comparte esta importante info con tus amigos y familiares. ğŸ¤³ğŸ’™ğŸ§¡

#CanalesOficialesBCP #BCP",97,0,5,0,21.0K
2025-07-11 08:28:00,BCPComunica,Oct 31,A nuestros clientes ğŸ“£,299,303,3.0K,89,234.0K
2025-07-11 08:28:00,BCPComunica,Jul 30,Comunicado: ğŸ™Œ,315,90,507,18,122.0K
2025-07-11 08:28:00,BCPComunica,Jul 30,"Ante lo comunicado previamente, estamos tomando la siguiente medida: ğŸ‘‡",132,72,355,12,91.0K
2025-07-11 08:28:00,BCPComunica,Jul 30,A nuestra comunidad ğŸ“¢,609,318,2.0K,98,305.0K
2025-07-11 08:28:00,BCPComunica,"May 17, 2024",Con mucho orgullo compartimos los 4 premios obtenidos esta noche en losÂ #ANDA2024.ğŸ¤©ğŸ‰ Â¡Felicitaciones a todos los equipos involucrados en este logro! ğŸ‘,117,1,23,2,52.0K
2025-07-11 08:28:00,BCPComunica,"Sep 28, 2023",Continuamos transformando nuestras agencias a nivel nacional para mejorar junto a nuestros clientes. VisÃ­tanos para disfrutar de las novedades y una gran experiencia. ğŸ‘€ğŸ™Œ,167,1,29,0,71.0K
2025-07-11 08:28:00,BCPComunica,"Sep 19, 2023",Aviso importante a nuestra comunidad. ğŸ‘‡ Nuestro plan es siempre mejorar para ayudarte a cumplir los tuyos. ğŸ¤,110,23,133,2,70.0K
2025-07-11 08:28:00,BCPComunica,"Aug 25, 2023",Queremos agradecer a nuestros colaboradores porque gracias a su esfuerzo es que hoy hemos sido reconocidos una vez mÃ¡s y de forma consecutiva por los premios EMA. ğŸ‘ğŸ† Esta es la 12ava oportunidad y queremos reforzar nuestro compromiso mejorando cada dÃ­a nuestros servicios. ğŸ’¯ğŸš€,43,2,45,0,32.0K
2025-07-11 08:28:00,BCPComunica,"Jul 7, 2023","Nos enorgullece haber sido reconocidos en el sector financiero por nuestra excelencia en atenciÃ³n y satisfacciÃ³n. Este prestigioso premio respaldado por Centrum PUCP, Datum, X Customer Group y GestiÃ³n, refuerza nuestro compromiso de seguir brindÃ¡ndote la mejor experiencia. ğŸ™Œ",54,1,26,0,29.0K
2025-07-11 08:28:00,BCPComunica,"Feb 17, 2023",Comunicado,429,183,2.0K,25,225.0K
2025-07-11 08:28:00,BCPComunica,"Oct 31, 2022","MaÃ±ana, martes 1ero de noviembre, por ser feriado ğŸ—“ï¸, todas nuestras agencias a nivel nacional ğŸ¬ no atenderÃ¡n ğŸ“£. No olvides que puedes realizar tus consultas y operaciones, usando nuestros canales digitales ğŸ“ğŸ’»ğŸ“±.",140,18,102,3,0
2025-07-11 08:28:00,BCPComunica,"Oct 7, 2022","MaÃ±ana, sÃ¡bado 8 de octubre, por ser declarado feriado ğŸ—“ï¸, todas nuestras agencias a nivel nacional ğŸ¬ no atenderÃ¡n ğŸ“£. No olvides que puedes realizar tus consultas y operaciones, usando nuestros canales digitales ğŸ“ğŸ’»ğŸ“±.",82,21,92,2,0
2025-07-11 09:22:43,BCPComunica,Feb 7,"Â¿AÃºn no conoces todos los canales oficiales del BCP? ğŸ«£ Â¡AnÃ³talos para tener una experiencia segura siempre! ğŸ¤ Comparte esta importante info con tus amigos y familiares. ğŸ¤³ğŸ’™ğŸ§¡

#CanalesOficialesBCP #BCP",97,0,5,0,21.0K
2025-07-11 09:22:43,BCPComunica,Oct 31,A nuestros clientes ğŸ“£,299,303,3.0K,89,234.0K
2025-07-11 09:22:43,BCPComunica,Jul 30,Comunicado: ğŸ™Œ,315,90,507,18,122.0K
2025-07-11 09:22:43,BCPComunica,Jul 30,"Ante lo comunicado previamente, estamos tomando la siguiente medida: ğŸ‘‡",132,72,355,12,91.0K
2025-07-11 09:22:43,BCPComunica,Jul 30,A nuestra comunidad ğŸ“¢,609,318,2.0K,98,305.0K
2025-07-11 09:22:43,BCPComunica,"May 17, 2024",Con mucho orgullo compartimos los 4 premios obtenidos esta noche en losÂ #ANDA2024.ğŸ¤©ğŸ‰ Â¡Felicitaciones a todos los equipos involucrados en este logro! ğŸ‘,117,1,23,2,52.0K
2025-07-11 09:22:43,BCPComunica,"Sep 28, 2023",Continuamos transformando nuestras agencias a nivel nacional para mejorar junto a nuestros clientes. VisÃ­tanos para disfrutar de las novedades y una gran experiencia. ğŸ‘€ğŸ™Œ,167,1,29,0,71.0K
2025-07-11 09:22:43,BCPComunica,"Sep 19, 2023",Aviso importante a nuestra comunidad. ğŸ‘‡ Nuestro plan es siempre mejorar para ayudarte a cumplir los tuyos. ğŸ¤,110,23,133,2,70.0K
2025-07-11 09:22:43,BCPComunica,"Aug 25, 2023",Queremos agradecer a nuestros colaboradores porque gracias a su esfuerzo es que hoy hemos sido reconocidos una vez mÃ¡s y de forma consecutiva por los premios EMA. ğŸ‘ğŸ† Esta es la 12ava oportunidad y queremos reforzar nuestro compromiso mejorando cada dÃ­a nuestros servicios. ğŸ’¯ğŸš€,43,2,45,0,32.0K
2025-07-11 09:22:43,BCPComunica,"Jul 7, 2023","Nos enorgullece haber sido reconocidos en el sector financiero por nuestra excelencia en atenciÃ³n y satisfacciÃ³n. Este prestigioso premio respaldado por Centrum PUCP, Datum, X Customer Group y GestiÃ³n, refuerza nuestro compromiso de seguir brindÃ¡ndote la mejor experiencia. ğŸ™Œ",54,1,26,0,29.0K
2025-07-11 09:22:43,BCPComunica,"Feb 17, 2023",Comunicado,429,183,2.0K,25,225.0K
2025-07-11 09:22:43,BCPComunica,"Oct 31, 2022","MaÃ±ana, martes 1ero de noviembre, por ser feriado ğŸ—“ï¸, todas nuestras agencias a nivel nacional ğŸ¬ no atenderÃ¡n ğŸ“£. No olvides que puedes realizar tus consultas y operaciones, usando nuestros canales digitales ğŸ“ğŸ’»ğŸ“±.",140,18,102,3,0
2025-07-11 09:22:43,BCPComunica,"Oct 7, 2022","MaÃ±ana, sÃ¡bado 8 de octubre, por ser declarado feriado ğŸ—“ï¸, todas nuestras agencias a nivel nacional ğŸ¬ no atenderÃ¡n ğŸ“£. No olvides que puedes realizar tus consultas y operaciones, usando nuestros canales digitales ğŸ“ğŸ’»ğŸ“±.",82,21,92,2,0
2025-07-11 10:21:56,BCPComunica,Feb 7,"Â¿AÃºn no conoces todos los canales oficiales del BCP? ğŸ«£ Â¡AnÃ³talos para tener una experiencia segura siempre! ğŸ¤ Comparte esta importante info con tus amigos y familiares. ğŸ¤³ğŸ’™ğŸ§¡

#CanalesOficialesBCP #BCP",97,0,5,0,21.0K
2025-07-11 10:21:56,BCPComunica,Oct 31,A nuestros clientes ğŸ“£,299,303,3.0K,89,234.0K
2025-07-11 10:21:56,BCPComunica,Jul 30,Comunicado: ğŸ™Œ,315,90,507,18,122.0K
2025-07-11 10:21:56,BCPComunica,Jul 30,"Ante lo comunicado previamente, estamos tomando la siguiente medida: ğŸ‘‡",132,72,355,12,91.0K
2025-07-11 10:21:56,BCPComunica,Jul 30,A nuestra comunidad ğŸ“¢,609,318,2.0K,98,305.0K
2025-07-11 10:21:56,BCPComunica,"May 17, 2024",Con mucho orgullo compartimos los 4 premios obtenidos esta noche en losÂ #ANDA2024.ğŸ¤©ğŸ‰ Â¡Felicitaciones a todos los equipos involucrados en este logro! ğŸ‘,117,1,23,2,52.0K
2025-07-11 10:21:56,BCPComunica,"Sep 28, 2023",Continuamos transformando nuestras agencias a nivel nacional para mejorar junto a nuestros clientes. VisÃ­tanos para disfrutar de las novedades y una gran experiencia. ğŸ‘€ğŸ™Œ,167,1,29,0,71.0K
2025-07-11 10:21:56,BCPComunica,"Sep 19, 2023",Aviso importante a nuestra comunidad. ğŸ‘‡ Nuestro plan es siempre mejorar para ayudarte a cumplir los tuyos. ğŸ¤,110,23,133,2,70.0K
2025-07-11 10:21:56,BCPComunica,"Aug 25, 2023",Queremos agradecer a nuestros colaboradores porque gracias a su esfuerzo es que hoy hemos sido reconocidos una vez mÃ¡s y de forma consecutiva por los premios EMA. ğŸ‘ğŸ† Esta es la 12ava oportunidad y queremos reforzar nuestro compromiso mejorando cada dÃ­a nuestros servicios. ğŸ’¯ğŸš€,43,2,45,0,32.0K
2025-07-11 10:21:56,BCPComunica,"Jul 7, 2023","Nos enorgullece haber sido reconocidos en el sector financiero por nuestra excelencia en atenciÃ³n y satisfacciÃ³n. Este prestigioso premio respaldado por Centrum PUCP, Datum, X Customer Group y GestiÃ³n, refuerza nuestro compromiso de seguir brindÃ¡ndote la mejor experiencia. ğŸ™Œ",54,1,26,0,29.0K
2025-07-11 10:21:56,BCPComunica,"Feb 17, 2023",Comunicado,429,183,2.0K,25,225.0K
2025-07-11 10:21:56,BCPComunica,"Oct 31, 2022","MaÃ±ana, martes 1ero de noviembre, por ser feriado ğŸ—“ï¸, todas nuestras agencias a nivel nacional ğŸ¬ no atenderÃ¡n ğŸ“£. No olvides que puedes realizar tus consultas y operaciones, usando nuestros canales digitales ğŸ“ğŸ’»ğŸ“±.",140,18,102,3,0
2025-07-11 10:21:56,BCPComunica,"Oct 7, 2022","MaÃ±ana, sÃ¡bado 8 de octubre, por ser declarado feriado ğŸ—“ï¸, todas nuestras agencias a nivel nacional ğŸ¬ no atenderÃ¡n ğŸ“£. No olvides que puedes realizar tus consultas y operaciones, usando nuestros canales digitales ğŸ“ğŸ’»ğŸ“±.",82,21,92,2,0
2025-07-11 12:40:55,BCPComunica,Feb 7,"Â¿AÃºn no conoces todos los canales oficiales del BCP? ğŸ«£ Â¡AnÃ³talos para tener una experiencia segura siempre! ğŸ¤ Comparte esta importante info con tus amigos y familiares. ğŸ¤³ğŸ’™ğŸ§¡

#CanalesOficialesBCP #BCP",97,0,5,0,21.0K
2025-07-11 12:40:55,BCPComunica,Oct 31,A nuestros clientes ğŸ“£,299,303,3.0K,89,234.0K
2025-07-11 12:40:55,BCPComunica,Jul 30,Comunicado: ğŸ™Œ,315,90,507,18,122.0K
2025-07-11 12:40:55,BCPComunica,Jul 30,"Ante lo comunicado previamente, estamos tomando la siguiente medida: ğŸ‘‡",132,72,355,12,91.0K
2025-07-11 12:40:55,BCPComunica,Jul 30,A nuestra comunidad ğŸ“¢,609,318,2.0K,98,305.0K
2025-07-11 12:40:55,BCPComunica,"May 17, 2024",Con mucho orgullo compartimos los 4 premios obtenidos esta noche en losÂ #ANDA2024.ğŸ¤©ğŸ‰ Â¡Felicitaciones a todos los equipos involucrados en este logro! ğŸ‘,117,1,23,2,52.0K
2025-07-11 12:40:55,BCPComunica,"Sep 28, 2023",Continuamos transformando nuestras agencias a nivel nacional para mejorar junto a nuestros clientes. VisÃ­tanos para disfrutar de las novedades y una gran experiencia. ğŸ‘€ğŸ™Œ,167,1,29,0,71.0K
2025-07-11 12:40:55,BCPComunica,"Sep 19, 2023",Aviso importante a nuestra comunidad. ğŸ‘‡ Nuestro plan es siempre mejorar para ayudarte a cumplir los tuyos. ğŸ¤,110,23,133,2,70.0K
2025-07-11 12:40:55,BCPComunica,"Aug 25, 2023",Queremos agradecer a nuestros colaboradores porque gracias a su esfuerzo es que hoy hemos sido reconocidos una vez mÃ¡s y de forma consecutiva por los premios EMA. ğŸ‘ğŸ† Esta es la 12ava oportunidad y queremos reforzar nuestro compromiso mejorando cada dÃ­a nuestros servicios. ğŸ’¯ğŸš€,43,2,45,0,32.0K
2025-07-11 12:40:55,BCPComunica,"Jul 7, 2023","Nos enorgullece haber sido reconocidos en el sector financiero por nuestra excelencia en atenciÃ³n y satisfacciÃ³n. Este prestigioso premio respaldado por Centrum PUCP, Datum, X Customer Group y GestiÃ³n, refuerza nuestro compromiso de seguir brindÃ¡ndote la mejor experiencia. ğŸ™Œ",54,1,26,0,29.0K
2025-07-11 12:40:55,BCPComunica,"Feb 17, 2023",Comunicado,429,183,2.0K,25,225.0K
2025-07-11 12:40:55,BCPComunica,"Oct 31, 2022","MaÃ±ana, martes 1ero de noviembre, por ser feriado ğŸ—“ï¸, todas nuestras agencias a nivel nacional ğŸ¬ no atenderÃ¡n ğŸ“£. No olvides que puedes realizar tus consultas y operaciones, usando nuestros canales digitales ğŸ“ğŸ’»ğŸ“±.",140,18,102,3,0
2025-07-11 12:40:55,BCPComunica,"Oct 7, 2022","MaÃ±ana, sÃ¡bado 8 de octubre, por ser declarado feriado ğŸ—“ï¸, todas nuestras agencias a nivel nacional ğŸ¬ no atenderÃ¡n ğŸ“£. No olvides que puedes realizar tus consultas y operaciones, usando nuestros canales digitales ğŸ“ğŸ’»ğŸ“±.",82,21,92,2,0
2025-07-11 13:33:17,BCPComunica,Feb 7,"Â¿AÃºn no conoces todos los canales oficiales del BCP? ğŸ«£ Â¡AnÃ³talos para tener una experiencia segura siempre! ğŸ¤ Comparte esta importante info con tus amigos y familiares. ğŸ¤³ğŸ’™ğŸ§¡

#CanalesOficialesBCP #BCP",97,0,5,0,21.0K
2025-07-11 13:33:17,BCPComunica,Oct 31,A nuestros clientes ğŸ“£,299,303,3.0K,89,234.0K
2025-07-11 13:33:17,BCPComunica,Jul 30,Comunicado: ğŸ™Œ,315,90,507,18,122.0K
2025-07-11 13:33:17,BCPComunica,Jul 30,"Ante lo comunicado previamente, estamos tomando la siguiente medida: ğŸ‘‡",132,72,355,12,91.0K
2025-07-11 13:33:17,BCPComunica,Jul 30,A nuestra comunidad ğŸ“¢,609,318,2.0K,98,305.0K
2025-07-11 13:33:17,BCPComunica,"May 17, 2024",Con mucho orgullo compartimos los 4 premios obtenidos esta noche en losÂ #ANDA2024.ğŸ¤©ğŸ‰ Â¡Felicitaciones a todos los equipos involucrados en este logro! ğŸ‘,117,1,23,2,52.0K
2025-07-11 13:33:17,BCPComunica,"Sep 28, 2023",Continuamos transformando nuestras agencias a nivel nacional para mejorar junto a nuestros clientes. VisÃ­tanos para disfrutar de las novedades y una gran experiencia. ğŸ‘€ğŸ™Œ,167,1,29,0,71.0K
2025-07-11 13:33:17,BCPComunica,"Sep 19, 2023",Aviso importante a nuestra comunidad. ğŸ‘‡ Nuestro plan es siempre mejorar para ayudarte a cumplir los tuyos. ğŸ¤,110,23,133,2,70.0K
2025-07-11 13:33:17,BCPComunica,"Aug 25, 2023",Queremos agradecer a nuestros colaboradores porque gracias a su esfuerzo es que hoy hemos sido reconocidos una vez mÃ¡s y de forma consecutiva por los premios EMA. ğŸ‘ğŸ† Esta es la 12ava oportunidad y queremos reforzar nuestro compromiso mejorando cada dÃ­a nuestros servicios. ğŸ’¯ğŸš€,43,2,45,0,32.0K
2025-07-11 13:33:17,BCPComunica,"Jul 7, 2023","Nos enorgullece haber sido reconocidos en el sector financiero por nuestra excelencia en atenciÃ³n y satisfacciÃ³n. Este prestigioso premio respaldado por Centrum PUCP, Datum, X Customer Group y GestiÃ³n, refuerza nuestro compromiso de seguir brindÃ¡ndote la mejor experiencia. ğŸ™Œ",54,1,26,0,29.0K
2025-07-11 13:33:17,BCPComunica,"Feb 17, 2023",Comunicado,429,183,2.0K,25,225.0K
2025-07-11 13:33:17,BCPComunica,"Oct 31, 2022","MaÃ±ana, martes 1ero de noviembre, por ser feriado ğŸ—“ï¸, todas nuestras agencias a nivel nacional ğŸ¬ no atenderÃ¡n ğŸ“£. No olvides que puedes realizar tus consultas y operaciones, usando nuestros canales digitales ğŸ“ğŸ’»ğŸ“±.",140,18,102,3,0
2025-07-11 13:33:17,BCPComunica,"Oct 7, 2022","MaÃ±ana, sÃ¡bado 8 de octubre, por ser declarado feriado ğŸ—“ï¸, todas nuestras agencias a nivel nacional ğŸ¬ no atenderÃ¡n ğŸ“£. No olvides que puedes realizar tus consultas y operaciones, usando nuestros canales digitales ğŸ“ğŸ’»ğŸ“±.",82,21,92,2,0
2025-07-11 14:20:29,BCPComunica,Feb 7,"Â¿AÃºn no conoces todos los canales oficiales del BCP? ğŸ«£ Â¡AnÃ³talos para tener una experiencia segura siempre! ğŸ¤ Comparte esta importante info con tus amigos y familiares. ğŸ¤³ğŸ’™ğŸ§¡

#CanalesOficialesBCP #BCP",97,0,5,0,21.0K
2025-07-11 14:20:29,BCPComunica,Oct 31,A nuestros clientes ğŸ“£,299,303,3.0K,89,234.0K
2025-07-11 14:20:29,BCPComunica,Jul 30,Comunicado: ğŸ™Œ,315,90,507,18,122.0K
2025-07-11 14:20:29,BCPComunica,Jul 30,"Ante lo comunicado previamente, estamos tomando la siguiente medida: ğŸ‘‡",132,72,355,12,91.0K
2025-07-11 14:20:29,BCPComunica,Jul 30,A nuestra comunidad ğŸ“¢,609,318,2.0K,98,305.0K
2025-07-11 14:20:29,BCPComunica,"May 17, 2024",Con mucho orgullo compartimos los 4 premios obtenidos esta noche en losÂ #ANDA2024.ğŸ¤©ğŸ‰ Â¡Felicitaciones a todos los equipos involucrados en este logro! ğŸ‘,117,1,23,2,52.0K
2025-07-11 14:20:29,BCPComunica,"Sep 28, 2023",Continuamos transformando nuestras agencias a nivel nacional para mejorar junto a nuestros clientes. VisÃ­tanos para disfrutar de las novedades y una gran experiencia. ğŸ‘€ğŸ™Œ,167,1,29,0,71.0K
2025-07-11 14:20:29,BCPComunica,"Sep 19, 2023",Aviso importante a nuestra comunidad. ğŸ‘‡ Nuestro plan es siempre mejorar para ayudarte a cumplir los tuyos. ğŸ¤,110,23,133,2,70.0K
2025-07-11 14:20:29,BCPComunica,"Aug 25, 2023",Queremos agradecer a nuestros colaboradores porque gracias a su esfuerzo es que hoy hemos sido reconocidos una vez mÃ¡s y de forma consecutiva por los premios EMA. ğŸ‘ğŸ† Esta es la 12ava oportunidad y queremos reforzar nuestro compromiso mejorando cada dÃ­a nuestros servicios. ğŸ’¯ğŸš€,43,2,45,0,32.0K
2025-07-11 14:20:29,BCPComunica,"Jul 7, 2023","Nos enorgullece haber sido reconocidos en el sector financiero por nuestra excelencia en atenciÃ³n y satisfacciÃ³n. Este prestigioso premio respaldado por Centrum PUCP, Datum, X Customer Group y GestiÃ³n, refuerza nuestro compromiso de seguir brindÃ¡ndote la mejor experiencia. ğŸ™Œ",54,1,26,0,29.0K
2025-07-11 14:20:29,BCPComunica,"Feb 17, 2023",Comunicado,429,183,2.0K,25,225.0K
2025-07-11 14:20:29,BCPComunica,"Oct 31, 2022","MaÃ±ana, martes 1ero de noviembre, por ser feriado ğŸ—“ï¸, todas nuestras agencias a nivel nacional ğŸ¬ no atenderÃ¡n ğŸ“£. No olvides que puedes realizar tus consultas y operaciones, usando nuestros canales digitales ğŸ“ğŸ’»ğŸ“±.",140,18,102,3,0
2025-07-11 14:20:29,BCPComunica,"Oct 7, 2022","MaÃ±ana, sÃ¡bado 8 de octubre, por ser declarado feriado ğŸ—“ï¸, todas nuestras agencias a nivel nacional ğŸ¬ no atenderÃ¡n ğŸ“£. No olvides que puedes realizar tus consultas y operaciones, usando nuestros canales digitales ğŸ“ğŸ’»ğŸ“±.",82,21,92,2,0
2025-07-11 15:21:58,BCPComunica,Feb 7,"Â¿AÃºn no conoces todos los canales oficiales del BCP? ğŸ«£ Â¡AnÃ³talos para tener una experiencia segura siempre! ğŸ¤ Comparte esta importante info con tus amigos y familiares. ğŸ¤³ğŸ’™ğŸ§¡

#CanalesOficialesBCP #BCP",97,0,5,0,21.0K
2025-07-11 15:21:58,BCPComunica,Oct 31,A nuestros clientes ğŸ“£,299,303,3.0K,89,234.0K
2025-07-11 15:21:58,BCPComunica,Jul 30,Comunicado: ğŸ™Œ,315,90,507,18,122.0K
2025-07-11 15:21:58,BCPComunica,Jul 30,"Ante lo comunicado previamente, estamos tomando la siguiente medida: ğŸ‘‡",132,72,355,12,91.0K
2025-07-11 15:21:58,BCPComunica,Jul 30,A nuestra comunidad ğŸ“¢,609,318,2.0K,98,305.0K
2025-07-11 15:21:58,BCPComunica,"May 17, 2024",Con mucho orgullo compartimos los 4 premios obtenidos esta noche en losÂ #ANDA2024.ğŸ¤©ğŸ‰ Â¡Felicitaciones a todos los equipos involucrados en este logro! ğŸ‘,117,1,23,2,52.0K
2025-07-11 15:21:58,BCPComunica,"Sep 28, 2023",Continuamos transformando nuestras agencias a nivel nacional para mejorar junto a nuestros clientes. VisÃ­tanos para disfrutar de las novedades y una gran experiencia. ğŸ‘€ğŸ™Œ,167,1,29,0,71.0K
2025-07-11 15:21:58,BCPComunica,"Sep 19, 2023",Aviso importante a nuestra comunidad. ğŸ‘‡ Nuestro plan es siempre mejorar para ayudarte a cumplir los tuyos. ğŸ¤,110,23,133,2,70.0K
2025-07-11 15:21:58,BCPComunica,"Aug 25, 2023",Queremos agradecer a nuestros colaboradores porque gracias a su esfuerzo es que hoy hemos sido reconocidos una vez mÃ¡s y de forma consecutiva por los premios EMA. ğŸ‘ğŸ† Esta es la 12ava oportunidad y queremos reforzar nuestro compromiso mejorando cada dÃ­a nuestros servicios. ğŸ’¯ğŸš€,43,2,45,0,32.0K
2025-07-11 15:21:58,BCPComunica,"Jul 7, 2023","Nos enorgullece haber sido reconocidos en el sector financiero por nuestra excelencia en atenciÃ³n y satisfacciÃ³n. Este prestigioso premio respaldado por Centrum PUCP, Datum, X Customer Group y GestiÃ³n, refuerza nuestro compromiso de seguir brindÃ¡ndote la mejor experiencia. ğŸ™Œ",54,1,26,0,29.0K
2025-07-11 15:21:58,BCPComunica,"Feb 17, 2023",Comunicado,429,183,2.0K,25,225.0K
2025-07-11 15:21:58,BCPComunica,"Oct 31, 2022","MaÃ±ana, martes 1ero de noviembre, por ser feriado ğŸ—“ï¸, todas nuestras agencias a nivel nacional ğŸ¬ no atenderÃ¡n ğŸ“£. No olvides que puedes realizar tus consultas y operaciones, usando nuestros canales digitales ğŸ“ğŸ’»ğŸ“±.",140,18,102,3,0
2025-07-11 15:21:58,BCPComunica,"Oct 7, 2022","MaÃ±ana, sÃ¡bado 8 de octubre, por ser declarado feriado ğŸ—“ï¸, todas nuestras agencias a nivel nacional ğŸ¬ no atenderÃ¡n ğŸ“£. No olvides que puedes realizar tus consultas y operaciones, usando nuestros canales digitales ğŸ“ğŸ’»ğŸ“±.",82,21,92,2,0
2025-07-11 16:26:11,BCPComunica,Feb 7,"Â¿AÃºn no conoces todos los canales oficiales del BCP? ğŸ«£ Â¡AnÃ³talos para tener una experiencia segura siempre! ğŸ¤ Comparte esta importante info con tus amigos y familiares. ğŸ¤³ğŸ’™ğŸ§¡

#CanalesOficialesBCP #BCP",97,0,5,0,21.0K
2025-07-11 16:26:11,BCPComunica,Oct 31,A nuestros clientes ğŸ“£,299,303,3.0K,89,234.0K
2025-07-11 16:26:11,BCPComunica,Jul 30,Comunicado: ğŸ™Œ,315,90,507,18,122.0K
2025-07-11 16:26:11,BCPComunica,Jul 30,"Ante lo comunicado previamente, estamos tomando la siguiente medida: ğŸ‘‡",132,72,355,12,91.0K
2025-07-11 16:26:11,BCPComunica,Jul 30,A nuestra comunidad ğŸ“¢,609,318,2.0K,98,305.0K
2025-07-11 16:26:11,BCPComunica,"May 17, 2024",Con mucho orgullo compartimos los 4 premios obtenidos esta noche en losÂ #ANDA2024.ğŸ¤©ğŸ‰ Â¡Felicitaciones a todos los equipos involucrados en este logro! ğŸ‘,117,1,23,2,52.0K
2025-07-11 16:26:11,BCPComunica,"Sep 28, 2023",Continuamos transformando nuestras agencias a nivel nacional para mejorar junto a nuestros clientes. VisÃ­tanos para disfrutar de las novedades y una gran experiencia. ğŸ‘€ğŸ™Œ,167,1,29,0,71.0K
2025-07-11 16:26:11,BCPComunica,"Sep 19, 2023",Aviso importante a nuestra comunidad. ğŸ‘‡ Nuestro plan es siempre mejorar para ayudarte a cumplir los tuyos. ğŸ¤,110,23,133,2,70.0K
2025-07-11 16:26:11,BCPComunica,"Aug 25, 2023",Queremos agradecer a nuestros colaboradores porque gracias a su esfuerzo es que hoy hemos sido reconocidos una vez mÃ¡s y de forma consecutiva por los premios EMA. ğŸ‘ğŸ† Esta es la 12ava oportunidad y queremos reforzar nuestro compromiso mejorando cada dÃ­a nuestros servicios. ğŸ’¯ğŸš€,43,2,45,0,32.0K
2025-07-11 16:26:11,BCPComunica,"Jul 7, 2023","Nos enorgullece haber sido reconocidos en el sector financiero por nuestra excelencia en atenciÃ³n y satisfacciÃ³n. Este prestigioso premio respaldado por Centrum PUCP, Datum, X Customer Group y GestiÃ³n, refuerza nuestro compromiso de seguir brindÃ¡ndote la mejor experiencia. ğŸ™Œ",54,1,26,0,29.0K
2025-07-11 16:26:11,BCPComunica,"Feb 17, 2023",Comunicado,429,183,2.0K,25,225.0K
2025-07-11 16:26:11,BCPComunica,"Oct 31, 2022","MaÃ±ana, martes 1ero de noviembre, por ser feriado ğŸ—“ï¸, todas nuestras agencias a nivel nacional ğŸ¬ no atenderÃ¡n ğŸ“£. No olvides que puedes realizar tus consultas y operaciones, usando nuestros canales digitales ğŸ“ğŸ’»ğŸ“±.",140,18,102,3,0
2025-07-11 16:26:11,BCPComunica,"Oct 7, 2022","MaÃ±ana, sÃ¡bado 8 de octubre, por ser declarado feriado ğŸ—“ï¸, todas nuestras agencias a nivel nacional ğŸ¬ no atenderÃ¡n ğŸ“£. No olvides que puedes realizar tus consultas y operaciones, usando nuestros canales digitales ğŸ“ğŸ’»ğŸ“±.",82,21,92,2,0
2025-07-11 17:19:02,BCPComunica,Feb 7,"Â¿AÃºn no conoces todos los canales oficiales del BCP? ğŸ«£ Â¡AnÃ³talos para tener una experiencia segura siempre! ğŸ¤ Comparte esta importante info con tus amigos y familiares. ğŸ¤³ğŸ’™ğŸ§¡

#CanalesOficialesBCP #BCP",97,0,5,0,21.0K
2025-07-11 17:19:02,BCPComunica,Oct 31,A nuestros clientes ğŸ“£,299,303,3.0K,89,234.0K
2025-07-11 17:19:02,BCPComunica,Jul 30,Comunicado: ğŸ™Œ,315,90,507,18,122.0K
2025-07-11 17:19:02,BCPComunica,Jul 30,"Ante lo comunicado previamente, estamos tomando la siguiente medida: ğŸ‘‡",132,72,355,12,91.0K
2025-07-11 17:19:02,BCPComunica,Jul 30,A nuestra comunidad ğŸ“¢,609,318,2.0K,98,305.0K
2025-07-11 17:19:02,BCPComunica,"May 17, 2024",Con mucho orgullo compartimos los 4 premios obtenidos esta noche en losÂ #ANDA2024.ğŸ¤©ğŸ‰ Â¡Felicitaciones a todos los equipos involucrados en este logro! ğŸ‘,117,1,23,2,52.0K
2025-07-11 17:19:02,BCPComunica,"Sep 28, 2023",Continuamos transformando nuestras agencias a nivel nacional para mejorar junto a nuestros clientes. VisÃ­tanos para disfrutar de las novedades y una gran experiencia. ğŸ‘€ğŸ™Œ,167,1,29,0,71.0K
2025-07-11 17:19:02,BCPComunica,"Sep 19, 2023",Aviso importante a nuestra comunidad. ğŸ‘‡ Nuestro plan es siempre mejorar para ayudarte a cumplir los tuyos. ğŸ¤,110,23,133,2,70.0K
2025-07-11 17:19:02,BCPComunica,"Aug 25, 2023",Queremos agradecer a nuestros colaboradores porque gracias a su esfuerzo es que hoy hemos sido reconocidos una vez mÃ¡s y de forma consecutiva por los premios EMA. ğŸ‘ğŸ† Esta es la 12ava oportunidad y queremos reforzar nuestro compromiso mejorando cada dÃ­a nuestros servicios. ğŸ’¯ğŸš€,43,2,45,0,32.0K
2025-07-11 17:19:02,BCPComunica,"Jul 7, 2023","Nos enorgullece haber sido reconocidos en el sector financiero por nuestra excelencia en atenciÃ³n y satisfacciÃ³n. Este prestigioso premio respaldado por Centrum PUCP, Datum, X Customer Group y GestiÃ³n, refuerza nuestro compromiso de seguir brindÃ¡ndote la mejor experiencia. ğŸ™Œ",54,1,26,0,29.0K
2025-07-11 17:19:02,BCPComunica,"Feb 17, 2023",Comunicado,429,183,2.0K,25,225.0K
2025-07-11 17:19:02,BCPComunica,"Oct 31, 2022","MaÃ±ana, martes 1ero de noviembre, por ser feriado ğŸ—“ï¸, todas nuestras agencias a nivel nacional ğŸ¬ no atenderÃ¡n ğŸ“£. No olvides que puedes realizar tus consultas y operaciones, usando nuestros canales digitales ğŸ“ğŸ’»ğŸ“±.",140,18,102,3,0
2025-07-11 17:19:02,BCPComunica,"Oct 7, 2022","MaÃ±ana, sÃ¡bado 8 de octubre, por ser declarado feriado ğŸ—“ï¸, todas nuestras agencias a nivel nacional ğŸ¬ no atenderÃ¡n ğŸ“£. No olvides que puedes realizar tus consultas y operaciones, usando nuestros canales digitales ğŸ“ğŸ’»ğŸ“±.",82,21,92,2,0
2025-07-11 18:28:47,BCPComunica,Feb 7,"Â¿AÃºn no conoces todos los canales oficiales del BCP? ğŸ«£ Â¡AnÃ³talos para tener una experiencia segura siempre! ğŸ¤ Comparte esta importante info con tus amigos y familiares. ğŸ¤³ğŸ’™ğŸ§¡

#CanalesOficialesBCP #BCP",97,0,5,0,21.0K
2025-07-11 18:28:47,BCPComunica,Oct 31,A nuestros clientes ğŸ“£,299,303,3.0K,89,234.0K
2025-07-11 18:28:47,BCPComunica,Jul 30,Comunicado: ğŸ™Œ,315,90,507,18,122.0K
2025-07-11 18:28:47,BCPComunica,Jul 30,"Ante lo comunicado previamente, estamos tomando la siguiente medida: ğŸ‘‡",132,72,355,12,91.0K
2025-07-11 18:28:47,BCPComunica,Jul 30,A nuestra comunidad ğŸ“¢,609,318,2.0K,98,305.0K
2025-07-11 18:28:47,BCPComunica,"May 17, 2024",Con mucho orgullo compartimos los 4 premios obtenidos esta noche en losÂ #ANDA2024.ğŸ¤©ğŸ‰ Â¡Felicitaciones a todos los equipos involucrados en este logro! ğŸ‘,117,1,23,2,52.0K
2025-07-11 18:28:47,BCPComunica,"Sep 28, 2023",Continuamos transformando nuestras agencias a nivel nacional para mejorar junto a nuestros clientes. VisÃ­tanos para disfrutar de las novedades y una gran experiencia. ğŸ‘€ğŸ™Œ,167,1,29,0,71.0K
2025-07-11 18:28:47,BCPComunica,"Sep 19, 2023",Aviso importante a nuestra comunidad. ğŸ‘‡ Nuestro plan es siempre mejorar para ayudarte a cumplir los tuyos. ğŸ¤,110,23,133,2,70.0K
2025-07-11 18:28:47,BCPComunica,"Aug 25, 2023",Queremos agradecer a nuestros colaboradores porque gracias a su esfuerzo es que hoy hemos sido reconocidos una vez mÃ¡s y de forma consecutiva por los premios EMA. ğŸ‘ğŸ† Esta es la 12ava oportunidad y queremos reforzar nuestro compromiso mejorando cada dÃ­a nuestros servicios. ğŸ’¯ğŸš€,43,2,45,0,32.0K
2025-07-11 18:28:47,BCPComunica,"Jul 7, 2023","Nos enorgullece haber sido reconocidos en el sector financiero por nuestra excelencia en atenciÃ³n y satisfacciÃ³n. Este prestigioso premio respaldado por Centrum PUCP, Datum, X Customer Group y GestiÃ³n, refuerza nuestro compromiso de seguir brindÃ¡ndote la mejor experiencia. ğŸ™Œ",54,1,26,0,29.0K
2025-07-11 18:28:47,BCPComunica,"Feb 17, 2023",Comunicado,429,183,2.0K,25,225.0K
2025-07-11 18:28:47,BCPComunica,"Oct 31, 2022","MaÃ±ana, martes 1ero de noviembre, por ser feriado ğŸ—“ï¸, todas nuestras agencias a nivel nacional ğŸ¬ no atenderÃ¡n ğŸ“£. No olvides que puedes realizar tus consultas y operaciones, usando nuestros canales digitales ğŸ“ğŸ’»ğŸ“±.",140,18,102,3,0
2025-07-11 18:28:47,BCPComunica,"Oct 7, 2022","MaÃ±ana, sÃ¡bado 8 de octubre, por ser declarado feriado ğŸ—“ï¸, todas nuestras agencias a nivel nacional ğŸ¬ no atenderÃ¡n ğŸ“£. No olvides que puedes realizar tus consultas y operaciones, usando nuestros canales digitales ğŸ“ğŸ’»ğŸ“±.",82,21,92,2,0
2025-07-11 19:16:37,BCPComunica,Feb 7,"Â¿AÃºn no conoces todos los canales oficiales del BCP? ğŸ«£ Â¡AnÃ³talos para tener una experiencia segura siempre! ğŸ¤ Comparte esta importante info con tus amigos y familiares. ğŸ¤³ğŸ’™ğŸ§¡

#CanalesOficialesBCP #BCP",97,0,5,0,21.0K
2025-07-11 19:16:37,BCPComunica,Oct 31,A nuestros clientes ğŸ“£,299,303,3.0K,89,234.0K
2025-07-11 19:16:37,BCPComunica,Jul 30,Comunicado: ğŸ™Œ,315,90,507,18,122.0K
2025-07-11 19:16:37,BCPComunica,Jul 30,"Ante lo comunicado previamente, estamos tomando la siguiente medida: ğŸ‘‡",132,72,355,12,91.0K
2025-07-11 19:16:37,BCPComunica,Jul 30,A nuestra comunidad ğŸ“¢,609,318,2.0K,98,305.0K
2025-07-11 19:16:37,BCPComunica,"May 17, 2024",Con mucho orgullo compartimos los 4 premios obtenidos esta noche en losÂ #ANDA2024.ğŸ¤©ğŸ‰ Â¡Felicitaciones a todos los equipos involucrados en este logro! ğŸ‘,117,1,23,2,52.0K
2025-07-11 19:16:37,BCPComunica,"Sep 28, 2023",Continuamos transformando nuestras agencias a nivel nacional para mejorar junto a nuestros clientes. VisÃ­tanos para disfrutar de las novedades y una gran experiencia. ğŸ‘€ğŸ™Œ,167,1,29,0,71.0K
2025-07-11 19:16:37,BCPComunica,"Sep 19, 2023",Aviso importante a nuestra comunidad. ğŸ‘‡ Nuestro plan es siempre mejorar para ayudarte a cumplir los tuyos. ğŸ¤,110,23,133,2,70.0K
2025-07-11 19:16:37,BCPComunica,"Aug 25, 2023",Queremos agradecer a nuestros colaboradores porque gracias a su esfuerzo es que hoy hemos sido reconocidos una vez mÃ¡s y de forma consecutiva por los premios EMA. ğŸ‘ğŸ† Esta es la 12ava oportunidad y queremos reforzar nuestro compromiso mejorando cada dÃ­a nuestros servicios. ğŸ’¯ğŸš€,43,2,45,0,32.0K
2025-07-11 19:16:37,BCPComunica,"Jul 7, 2023","Nos enorgullece haber sido reconocidos en el sector financiero por nuestra excelencia en atenciÃ³n y satisfacciÃ³n. Este prestigioso premio respaldado por Centrum PUCP, Datum, X Customer Group y GestiÃ³n, refuerza nuestro compromiso de seguir brindÃ¡ndote la mejor experiencia. ğŸ™Œ",54,1,26,0,29.0K
2025-07-11 19:16:37,BCPComunica,"Feb 17, 2023",Comunicado,429,183,2.0K,25,225.0K
2025-07-11 19:16:37,BCPComunica,"Oct 31, 2022","MaÃ±ana, martes 1ero de noviembre, por ser feriado ğŸ—“ï¸, todas nuestras agencias a nivel nacional ğŸ¬ no atenderÃ¡n ğŸ“£. No olvides que puedes realizar tus consultas y operaciones, usando nuestros canales digitales ğŸ“ğŸ’»ğŸ“±.",140,18,102,3,0
2025-07-11 19:16:37,BCPComunica,"Oct 7, 2022","MaÃ±ana, sÃ¡bado 8 de octubre, por ser declarado feriado ğŸ—“ï¸, todas nuestras agencias a nivel nacional ğŸ¬ no atenderÃ¡n ğŸ“£. No olvides que puedes realizar tus consultas y operaciones, usando nuestros canales digitales ğŸ“ğŸ’»ğŸ“±.",82,21,92,2,0
2025-07-11 20:22:35,BCPComunica,Feb 7,"Â¿AÃºn no conoces todos los canales oficiales del BCP? ğŸ«£ Â¡AnÃ³talos para tener una experiencia segura siempre! ğŸ¤ Comparte esta importante info con tus amigos y familiares. ğŸ¤³ğŸ’™ğŸ§¡

#CanalesOficialesBCP #BCP",97,0,5,0,21.0K
2025-07-11 20:22:35,BCPComunica,Oct 31,A nuestros clientes ğŸ“£,299,303,3.0K,89,234.0K
2025-07-11 20:22:35,BCPComunica,Jul 30,Comunicado: ğŸ™Œ,315,90,507,18,122.0K
2025-07-11 20:22:35,BCPComunica,Jul 30,"Ante lo comunicado previamente, estamos tomando la siguiente medida: ğŸ‘‡",132,72,355,12,91.0K
2025-07-11 20:22:35,BCPComunica,Jul 30,A nuestra comunidad ğŸ“¢,609,318,2.0K,98,305.0K
2025-07-11 20:22:35,BCPComunica,"May 17, 2024",Con mucho orgullo compartimos los 4 premios obtenidos esta noche en losÂ #ANDA2024.ğŸ¤©ğŸ‰ Â¡Felicitaciones a todos los equipos involucrados en este logro! ğŸ‘,117,1,23,2,52.0K
2025-07-11 20:22:35,BCPComunica,"Sep 28, 2023",Continuamos transformando nuestras agencias a nivel nacional para mejorar junto a nuestros clientes. VisÃ­tanos para disfrutar de las novedades y una gran experiencia. ğŸ‘€ğŸ™Œ,167,1,29,0,71.0K
2025-07-11 20:22:35,BCPComunica,"Sep 19, 2023",Aviso importante a nuestra comunidad. ğŸ‘‡ Nuestro plan es siempre mejorar para ayudarte a cumplir los tuyos. ğŸ¤,110,23,133,2,70.0K
2025-07-11 20:22:35,BCPComunica,"Aug 25, 2023",Queremos agradecer a nuestros colaboradores porque gracias a su esfuerzo es que hoy hemos sido reconocidos una vez mÃ¡s y de forma consecutiva por los premios EMA. ğŸ‘ğŸ† Esta es la 12ava oportunidad y queremos reforzar nuestro compromiso mejorando cada dÃ­a nuestros servicios. ğŸ’¯ğŸš€,43,2,45,0,32.0K
2025-07-11 20:22:35,BCPComunica,"Jul 7, 2023","Nos enorgullece haber sido reconocidos en el sector financiero por nuestra excelencia en atenciÃ³n y satisfacciÃ³n. Este prestigioso premio respaldado por Centrum PUCP, Datum, X Customer Group y GestiÃ³n, refuerza nuestro compromiso de seguir brindÃ¡ndote la mejor experiencia. ğŸ™Œ",54,1,26,0,29.0K
2025-07-11 20:22:35,BCPComunica,"Feb 17, 2023",Comunicado,429,183,2.0K,25,225.0K
2025-07-11 20:22:35,BCPComunica,"Oct 31, 2022","MaÃ±ana, martes 1ero de noviembre, por ser feriado ğŸ—“ï¸, todas nuestras agencias a nivel nacional ğŸ¬ no atenderÃ¡n ğŸ“£. No olvides que puedes realizar tus consultas y operaciones, usando nuestros canales digitales ğŸ“ğŸ’»ğŸ“±.",140,18,102,3,0
2025-07-11 20:22:35,BCPComunica,"Oct 7, 2022","MaÃ±ana, sÃ¡bado 8 de octubre, por ser declarado feriado ğŸ—“ï¸, todas nuestras agencias a nivel nacional ğŸ¬ no atenderÃ¡n ğŸ“£. No olvides que puedes realizar tus consultas y operaciones, usando nuestros canales digitales ğŸ“ğŸ’»ğŸ“±.",82,21,92,2,0
2025-07-11 21:19:41,BCPComunica,Feb 7,"Â¿AÃºn no conoces todos los canales oficiales del BCP? ğŸ«£ Â¡AnÃ³talos para tener una experiencia segura siempre! ğŸ¤ Comparte esta importante info con tus amigos y familiares. ğŸ¤³ğŸ’™ğŸ§¡

#CanalesOficialesBCP #BCP",97,0,5,0,21.0K
2025-07-11 21:19:41,BCPComunica,Oct 31,A nuestros clientes ğŸ“£,299,303,3.0K,89,234.0K
2025-07-11 21:19:41,BCPComunica,Jul 30,Comunicado: ğŸ™Œ,315,90,507,18,122.0K
2025-07-11 21:19:41,BCPComunica,Jul 30,"Ante lo comunicado previamente, estamos tomando la siguiente medida: ğŸ‘‡",132,72,355,12,91.0K
2025-07-11 21:19:41,BCPComunica,Jul 30,A nuestra comunidad ğŸ“¢,609,318,2.0K,98,305.0K
2025-07-11 21:19:41,BCPComunica,"May 17, 2024",Con mucho orgullo compartimos los 4 premios obtenidos esta noche en losÂ #ANDA2024.ğŸ¤©ğŸ‰ Â¡Felicitaciones a todos los equipos involucrados en este logro! ğŸ‘,117,1,23,2,52.0K
2025-07-11 21:19:41,BCPComunica,"Sep 28, 2023",Continuamos transformando nuestras agencias a nivel nacional para mejorar junto a nuestros clientes. VisÃ­tanos para disfrutar de las novedades y una gran experiencia. ğŸ‘€ğŸ™Œ,167,1,29,0,71.0K
2025-07-11 21:19:41,BCPComunica,"Sep 19, 2023",Aviso importante a nuestra comunidad. ğŸ‘‡ Nuestro plan es siempre mejorar para ayudarte a cumplir los tuyos. ğŸ¤,110,23,133,2,70.0K
2025-07-11 21:19:41,BCPComunica,"Aug 25, 2023",Queremos agradecer a nuestros colaboradores porque gracias a su esfuerzo es que hoy hemos sido reconocidos una vez mÃ¡s y de forma consecutiva por los premios EMA. ğŸ‘ğŸ† Esta es la 12ava oportunidad y queremos reforzar nuestro compromiso mejorando cada dÃ­a nuestros servicios. ğŸ’¯ğŸš€,43,2,45,0,32.0K
2025-07-11 21:19:41,BCPComunica,"Jul 7, 2023","Nos enorgullece haber sido reconocidos en el sector financiero por nuestra excelencia en atenciÃ³n y satisfacciÃ³n. Este prestigioso premio respaldado por Centrum PUCP, Datum, X Customer Group y GestiÃ³n, refuerza nuestro compromiso de seguir brindÃ¡ndote la mejor experiencia. ğŸ™Œ",54,1,26,0,29.0K
2025-07-11 21:19:41,BCPComunica,"Feb 17, 2023",Comunicado,429,183,2.0K,25,225.0K
2025-07-11 21:19:41,BCPComunica,"Oct 31, 2022","MaÃ±ana, martes 1ero de noviembre, por ser feriado ğŸ—“ï¸, todas nuestras agencias a nivel nacional ğŸ¬ no atenderÃ¡n ğŸ“£. No olvides que puedes realizar tus consultas y operaciones, usando nuestros canales digitales ğŸ“ğŸ’»ğŸ“±.",140,18,102,3,0
2025-07-11 21:19:41,BCPComunica,"Oct 7, 2022","MaÃ±ana, sÃ¡bado 8 de octubre, por ser declarado feriado ğŸ—“ï¸, todas nuestras agencias a nivel nacional ğŸ¬ no atenderÃ¡n ğŸ“£. No olvides que puedes realizar tus consultas y operaciones, usando nuestros canales digitales ğŸ“ğŸ’»ğŸ“±.",82,21,92,2,0
